"coord","seqnames","start","end","width","no.cpgs","strand","min_smoothed_fdr","Stouffer","HMFDR","Fisher","maxdiff","meandiff","overlapping.genes"
"chr3:192126023-192127991","chr3",192126023,192127991,1969,13,"*",0,0,1.08122262447999e-223,0,0.492121757760417,0.361166077818059,"FGF12"
"chr19:12266489-12267897","chr19",12266489,12267897,1409,10,"*",0,0,1.33209228707102e-285,0,0.473922969844839,0.351602984885498,"ZNF625-ZNF20, ZNF625"
"chr13:28500882-28503812","chr13",28500882,28503812,2931,15,"*",0,0,1.1353732417858e-287,0,0.4284664645,0.349477364573798,NA
"chr10:7450112-7455714","chr10",7450112,7455714,5603,30,"*",0,0,2.59525779589014e-263,0,0.562610587239583,0.326940155642584,"SFMBT2"
"chr12:95941571-95943131","chr12",95941571,95943131,1561,19,"*",0,0,4.14619714766274e-124,0,0.468158701604167,0.323130464372435,"USP44"
"chr10:118030848-118034357","chr10",118030848,118034357,3510,33,"*",0,0,3.52470669678e-193,0,0.482604227479167,0.313156379543068,"GFRA1"
"chr7:24322873-24325371","chr7",24322873,24325371,2499,18,"*",0,0,7.58111263018589e-194,0,0.513341977229167,0.312161633167659,"NPY"
"chr6:62995523-62997123","chr6",62995523,62997123,1601,14,"*",0,0,1.27929913945554e-170,0,0.423887013333333,0.310872401795932,"KHDRBS2"
"chr13:25620954-25621735","chr13",25620954,25621735,782,6,"*",0,0,6.43903555878775e-129,0,0.40294860953125,0.306807617167045,NA
"chr6:29520698-29521803","chr6",29520698,29521803,1106,34,"*",0,0,1.27752632470874e-198,0,0.423669354572917,0.304424821650458,"OR2I1P"
"chr7:134142981-134144288","chr7",134142981,134144288,1308,16,"*",0,0,1.65078651907001e-124,0,0.409242372531269,0.302437874661732,"AKR1B1"
"chr6:133561368-133564578","chr6",133561368,133564578,3211,46,"*",0,0,7.78892711586296e-201,0,0.47976782840625,0.301841276452241,"EYA4"
"chr19:37997105-37998171","chr19",37997105,37998171,1067,16,"*",0,0,5.9309232700622e-125,0,0.392122874194058,0.300586679959902,"ZNF793, CTD-3064H18.1"
"chr19:57831549-57832339","chr19",57831549,57832339,791,8,"*",0,0,1.72992559239377e-77,0,0.419846052541667,0.299116239310753,"ZNF543"
"chr8:67343066-67345767","chr8",67343066,67345767,2702,13,"*",0,0,3.92511051498818e-283,0,0.509201994010417,0.298396042897738,"ADHFE1"
"chr5:127872037-127875163","chr5",127872037,127875163,3127,24,"*",0,0,2.72287298326287e-163,0,0.429765655895833,0.298068872455325,"SLC27A6, FBN2"
"chr20:61049777-61051802","chr20",61049777,61051802,2026,25,"*",0,0,9.45134495856252e-97,0,0.430160213776386,0.297004769705727,"GATA5"
"chr22:25678262-25679145","chr22",25678262,25679145,884,6,"*",0,0,1.2603613863017e-91,0,0.3828635506875,0.295362653783232,"RP3-462D8.2"
"chr21:38076709-38083586","chr21",38076709,38083586,6878,24,"*",0,0,1.61290540987045e-180,0,0.379558355899196,0.294654275996202,"SIM2"
"chr18:44336399-44338147","chr18",44336399,44338147,1749,7,"*",0,0,1.61896826817533e-147,0,0.418075601306303,0.292464774810303,"RP11-742D12.2, ST8SIA5"
"chr8:145103309-145107857","chr8",145103309,145107857,4549,19,"*",0,0,0,0,0.602181518729167,0.292231456416184,"CTD-3065J16.6, OPLAH"
"chr15:28351607-28353889","chr15",28351607,28353889,2283,10,"*",0,0,7.58384757874111e-239,0,0.536644799854167,0.290004109620963,NA
"chr8:16884197-16885270","chr8",16884197,16885270,1074,12,"*",0,0,2.96516047220781e-111,0,0.3486905470625,0.288693013410858,"MICU3"
"chr19:58951434-58952361","chr19",58951434,58952361,928,11,"*",0,0,9.22746278345607e-202,0,0.446840936302083,0.288412559511976,"CTD-2619J13.19, ZNF132"
"chr8:85094437-85097429","chr8",85094437,85097429,2993,20,"*",0,0,6.76180641413566e-130,0,0.369831040104167,0.285465449232691,"RALYL"
"chr1:57887655-57890636","chr1",57887655,57890636,2982,13,"*",0,0,2.2059517686141e-106,0,0.42094556028125,0.285271166727552,"DAB1"
"chr5:174158654-174159705","chr5",174158654,174159705,1052,6,"*",0,0,1.32789120124701e-103,0,0.344440274018553,0.284969290398417,NA
"chr13:113763758-113765634","chr13",113763758,113765634,1877,8,"*",0,0,1.17582189003381e-198,0,0.4170455529157,0.284342129790111,"F7"
"chr10:102893925-102896869","chr10",102893925,102896869,2945,16,"*",0,0,1.32504057072163e-202,0,0.533168734552083,0.284333981013916,"TLX1, RP11-31L23.3"
"chr4:111549880-111555503","chr4",111549880,111555503,5624,21,"*",0,0,3.44065843317743e-213,0,0.467953409875,0.284087850013263,"PITX2"
"chr4:96468962-96471143","chr4",96468962,96471143,2182,26,"*",0,0,1.00427811295503e-160,0,0.388809306049281,0.282407600875827,"RP11-710C12.1, UNC5C"
"chr2:139537131-139539181","chr2",139537131,139539181,2051,13,"*",0,0,2.72832087854211e-187,0,0.44088853671875,0.281954426629427,"NXPH2"
"chr12:104696685-104697983","chr12",104696685,104697983,1299,14,"*",0,0,6.11504109893492e-120,0,0.3899882464375,0.280520458480872,"TXNRD1, EID3"
"chr8:67872678-67875922","chr8",67872678,67875922,3245,19,"*",0,0,4.17656519849379e-180,0,0.407421573375,0.279431956463856,"TCF24"
"chr19:36909326-36910116","chr19",36909326,36910116,791,6,"*",0,0,1.2930447265184e-98,0,0.399087775458333,0.278593109935573,"ZFP82"
"chr7:127670570-127673038","chr7",127670570,127673038,2469,15,"*",0,0,0,0,0.573043106354167,0.278097223936557,"SND1, LRRC4"
"chr1:47909234-47912753","chr1",47909234,47912753,3520,16,"*",0,0,1.71198782821044e-257,0,0.39771049915625,0.277143553470221,NA
"chr10:102419209-102419617","chr10",102419209,102419617,409,6,"*",0,0,1.38709763153722e-77,0,0.367839111427083,0.276190617419641,NA
"chr7:152621979-152623304","chr7",152621979,152623304,1326,7,"*",0,0,1.05108768603625e-185,0,0.46655917846875,0.275442605068351,NA
"chr2:144693520-144695257","chr2",144693520,144695257,1738,11,"*",0,0,2.04115805206624e-130,0,0.491083411625,0.275103969029897,"AC016910.1"
"chr19:30015782-30016478","chr19",30015782,30016478,697,6,"*",0,0,5.47758874723801e-106,0,0.430096354229167,0.27490612903288,"CTC-525D6.1, CTC-525D6.2"
"chr13:102568345-102570482","chr13",102568345,102570482,2138,10,"*",0,0,1.53029197794202e-129,0,0.391749143229167,0.274467353173212,"FGF14"
"chr16:51182904-51190201","chr16",51182904,51190201,7298,51,"*",0,0,1.66981681573021e-170,0,0.469899477708333,0.274397608918227,"AC009166.5, SALL1"
"chr7:43151168-43153950","chr7",43151168,43153950,2783,20,"*",0,0,6.70525592192193e-214,0,0.49041681128125,0.272700296618398,"HECW1"
"chr11:111410878-111412172","chr11",111410878,111412172,1295,14,"*",0,0,3.74120174526058e-178,0,0.45962769815625,0.270949224846854,"LAYN"
"chr15:79381747-79383980","chr15",79381747,79383980,2234,26,"*",0,0,4.78202522169115e-129,0,0.372976526260417,0.269212022894445,"RASGRF1"
"chr13:79169714-79171679","chr13",79169714,79171679,1966,17,"*",0,0,3.22407250020883e-141,0,0.407405777125,0.269150047066363,"RNF219-AS1, RP11-52L5.6"
"chr6:390933-394966","chr6",390933,394966,4034,19,"*",0,0,3.95193038036578e-257,0,0.532643510958333,0.266965176569635,"IRF4"
"chr1:108505752-108508626","chr1",108505752,108508626,2875,19,"*",0,0,4.99199286189555e-169,0,0.456080744625,0.266449358141243,"VAV3-AS1, VAV3"
"chr8:69240774-69244553","chr8",69240774,69244553,3780,19,"*",0,0,1.30522955635571e-196,0,0.542336268322917,0.266405695219282,"C8orf34, RP11-664D7.4"
"chr6:84417445-84419827","chr6",84417445,84419827,2383,25,"*",0,0,1.63009900178256e-185,0,0.462238358947917,0.266392196845499,"SNAP91"
"chr17:6616351-6617470","chr17",6616351,6617470,1120,14,"*",0,0,5.96502843904233e-106,0,0.400270403465729,0.265748866266515,"SLC13A5"
"chr11:65600773-65601427","chr11",65600773,65601427,655,12,"*",0,0,3.78189693577025e-172,0,0.34309309075,0.265471117767985,"SNX32, CFL1"
"chr5:87973439-87974547","chr5",87973439,87974547,1109,10,"*",0,0,3.57553540258656e-124,0,0.346270896879819,0.265429127803933,"CTC-467M3.1, LINC00461"
"chr16:3233068-3234346","chr16",3233068,3234346,1279,7,"*",0,0,3.79325958789415e-123,0,0.333657422897109,0.265222094050899,"AJ003147.8"
"chr6:166421992-166422741","chr6",166421992,166422741,750,6,"*",0,0,6.22223349803781e-137,0,0.291347298739583,0.263230512322261,NA
"chr1:119548527-119551851","chr1",119548527,119551851,3325,17,"*",0,0,1.55336418312559e-178,0,0.348160624291293,0.262941066205231,NA
"chr7:158935647-158938780","chr7",158935647,158938780,3134,10,"*",0,0,3.7200866113946e-213,0,0.46995915303125,0.262534135444567,"VIPR2"
"chr13:96296144-96297326","chr13",96296144,96297326,1183,12,"*",0,0,2.25063048310165e-87,0,0.395448487729167,0.26204505335035,"DZIP1"
"chr8:97169621-97174382","chr8",97169621,97174382,4762,25,"*",0,0,3.53819944708712e-180,0,0.445163108927083,0.261290821219081,"GDF6"
"chr8:48100081-48100957","chr8",48100081,48100957,877,7,"*",0,0,8.12033653573701e-90,0,0.36164004875,0.261220340899758,"RP11-1134I14.4, RP11-1134I14.2"
"chr1:49242359-49243472","chr1",49242359,49243472,1114,11,"*",0,0,1.49433263090332e-180,0,0.53900134209375,0.260910206538505,"AGBL4, BEND5"
"chr15:83775590-83777082","chr15",83775590,83777082,1493,17,"*",0,0,2.22698787077713e-188,0,0.475237698139095,0.260354073006703,"TM6SF1"
"chr1:119526060-119532925","chr1",119526060,119532925,6866,44,"*",0,0,1.50841213465681e-198,0,0.467541356229167,0.259926908289941,"TBX15"
"chr1:33219158-33220450","chr1",33219158,33220450,1293,10,"*",0,0,1.39567003538932e-138,0,0.334114471556483,0.259437160457852,"KIAA1522"
"chr14:57260891-57262177","chr14",57260891,57262177,1287,6,"*",0,0,3.81404304033952e-134,0,0.296795451352685,0.259408288422524,NA
"chr20:53091600-53093152","chr20",53091600,53093152,1553,12,"*",0,0,4.13328462729039e-159,0,0.4576113065625,0.259343599930668,"DOK5"
"chr5:170742118-170745466","chr5",170742118,170745466,3349,11,"*",0,0,3.1517986372586e-147,0,0.399992494520833,0.259281117223355,NA
"chr3:13323567-13325360","chr3",13323567,13325360,1794,9,"*",0,0,4.79302045144333e-148,0,0.363452425489583,0.259034709003954,NA
"chr4:82135607-82136940","chr4",82135607,82136940,1334,13,"*",0,0,3.90158020468715e-95,0,0.40951618440625,0.258811418226203,"PRKG2"
"chr4:107955762-107958805","chr4",107955762,107958805,3044,14,"*",0,0,2.35219232858683e-131,0,0.353364906416667,0.258686829422438,"DKK2"
"chr4:110222806-110224951","chr4",110222806,110224951,2146,21,"*",0,0,7.35028980316933e-191,0,0.437618822967429,0.257666053426922,"AC004051.2, COL25A1"
"chr1:200002343-200006247","chr1",200002343,200006247,3905,17,"*",0,0,2.28983238880369e-202,0,0.411727732763541,0.257173539943898,"NR5A2"
"chr20:25061762-25065553","chr20",25061762,25065553,3792,24,"*",0,0,1.17358693650731e-198,0,0.428038778125,0.257164538834538,"VSX1"
"chr11:134145490-134147837","chr11",134145490,134147837,2348,17,"*",0,0,1.55861878995517e-131,0,0.4308781630625,0.257005081592913,"GLB1L3"
"chr13:109147160-109149171","chr13",109147160,109149171,2012,6,"*",0,0,7.15970682915055e-135,0,0.320322278833333,0.256705637685748,NA
"chr5:1930801-1932098","chr5",1930801,1932098,1298,7,"*",0,0,2.35104672105641e-137,0,0.376046900885417,0.256341011588992,NA
"chr6:73329475-73333620","chr6",73329475,73333620,4146,23,"*",0,0,3.66527357224725e-187,0,0.440814624635417,0.25598138304156,"KCNQ5"
"chr6:118227732-118229732","chr6",118227732,118229732,2001,15,"*",0,0,1.05429770598627e-180,0,0.402614470395833,0.254825887961054,"SLC35F1"
"chr5:54518136-54519686","chr5",54518136,54519686,1551,11,"*",0,0,6.34179830911117e-168,0,0.38085888234375,0.254168857624646,"MCIDAS"
"chr19:53757677-53758609","chr19",53757677,53758609,933,7,"*",0,0,2.2737815647715e-94,0,0.303721962251379,0.253993269436092,"ZNF677"
"chr13:37004536-37006748","chr13",37004536,37006748,2213,34,"*",0,0,2.26305289269726e-128,0,0.40473523465625,0.253305168427771,"CCNA1"
"chr2:119599067-119600948","chr2",119599067,119600948,1882,14,"*",0,0,8.63976938492301e-122,0,0.329185884771078,0.253106411948439,"EN1"
"chr19:13616871-13617970","chr19",13616871,13617970,1100,12,"*",0,0,4.18383842949521e-86,0,0.351766443549487,0.252918888333978,"CACNA1A"
"chr8:72468021-72471153","chr8",72468021,72471153,3133,13,"*",0,0,6.28310356227297e-102,0,0.347970429958333,0.252871504646783,"RP11-1102P16.1"
"chr11:91956670-91960644","chr11",91956670,91960644,3975,13,"*",0,0,1.88949960360754e-161,0,0.373484900739583,0.252774131877759,NA
"chr17:43339040-43340758","chr17",43339040,43340758,1719,11,"*",0,0,3.38209658635645e-199,0,0.470689050416667,0.252223972555824,"MAP3K14-AS1, SPATA32, MAP3K14"
"chr5:136833216-136834863","chr5",136833216,136834863,1648,10,"*",0,0,5.14638632191229e-150,0,0.490628145760417,0.252079084459133,"SPOCK1"
"chr5:178016195-178019014","chr5",178016195,178019014,2820,19,"*",0,0,2.99644953757673e-142,0,0.40399025921875,0.251481472575012,"COL23A1"
"chr8:72752888-72758701","chr8",72752888,72758701,5814,36,"*",0,0,1.56121168827354e-221,0,0.533518943047252,0.251240879741621,"RP11-383H13.1, MSC"
"chr6:85471973-85474803","chr6",85471973,85474803,2831,18,"*",0,0,2.08133037673749e-74,0,0.46153190840625,0.251088764483576,"TBX18"
"chr7:98466938-98468586","chr7",98466938,98468586,1649,10,"*",0,0,8.31186696837168e-155,0,0.42441507096875,0.251038387789027,"TMEM130"
"chr9:37026418-37027815","chr9",37026418,37027815,1398,7,"*",0,0,4.19069148263056e-92,0,0.364099885822917,0.250858712127604,"PAX5"
"chr2:105459097-105462246","chr2",105459097,105462246,3150,12,"*",0,0,5.67749654964363e-149,0,0.415670847802083,0.25085002785088,"LINC01158"
"chr19:41119278-41120906","chr19",41119278,41120906,1629,11,"*",0,0,5.06099956113638e-86,0,0.383598578791667,0.250240342381166,"LTBP4"
"chr20:61806628-61810902","chr20",61806628,61810902,4275,22,"*",0,0,2.17726032761084e-175,0,0.45758347025,0.250050045184107,"MIR124-3, RP5-963E22.4"
"chr8:55379034-55380663","chr8",55379034,55380663,1630,8,"*",0,0,4.25107517896891e-128,0,0.346356557879162,0.249980833801557,NA
"chr7:84814140-84816843","chr7",84814140,84816843,2704,14,"*",0,0,1.41258840295496e-162,0,0.37958319425,0.249824085941954,"SEMA3D"
"chr6:96462814-96464908","chr6",96462814,96464908,2095,10,"*",0,0,9.65378975846232e-109,0,0.2985170795495,0.249744502030353,"FUT9"
"chr20:41817011-41819775","chr20",41817011,41819775,2765,12,"*",0,0,4.00354535270763e-144,0,0.411609478885417,0.249260958454015,"RP1-269M15.3, PTPRT"
"chr2:101033609-101035029","chr2",101033609,101035029,1421,14,"*",0,0,4.80488260197149e-123,0,0.458595545291667,0.2488470613914,"CHST10"
"chr16:22824489-22826243","chr16",22824489,22826243,1755,17,"*",0,0,1.16121213863067e-188,0,0.33418442246618,0.248814463429903,"HS3ST2"
"chr2:193058172-193061253","chr2",193058172,193061253,3082,14,"*",0,0,1.24946268169848e-198,0,0.369976833354167,0.248489506863276,"TMEFF2"
"chr10:106398816-106402908","chr10",106398816,106402908,4093,22,"*",0,0,4.43843624198899e-95,0,0.397147336583333,0.248333384009384,"SORCS3"
"chr13:88323266-88326918","chr13",88323266,88326918,3653,21,"*",0,0,4.24764626199446e-128,0,0.388607489619176,0.248275677146955,"SLITRK5, MIR4500HG"
"chr3:147136463-147137180","chr3",147136463,147137180,718,6,"*",0,0,7.28502215852904e-112,0,0.344345233907055,0.248241389707221,"ZIC1"
"chr6:27647713-27649120","chr6",27647713,27649120,1408,8,"*",0,0,1.76439863987477e-78,0,0.41205615659375,0.247718660717023,NA
"chr9:133534961-133542125","chr9",133534961,133542125,7165,18,"*",0,0,2.61163408257716e-90,0,0.437001795864583,0.246894113746048,"PRDM12"
"chr10:7708240-7710179","chr10",7708240,7710179,1940,12,"*",0,0,4.16078578481403e-100,0,0.340231082708333,0.246674876239683,"ITIH5"
"chr10:105036495-105038444","chr10",105036495,105038444,1950,13,"*",0,0,6.95622582701445e-85,0,0.333635093822917,0.246388536796695,"INA"
"chr1:242686709-242688681","chr1",242686709,242688681,1973,14,"*",0,0,1.96257083814129e-127,0,0.35043539421875,0.246305425184544,"PLD5"
"chr5:178770629-178773708","chr5",178770629,178773708,3080,15,"*",0,0,3.60897270480678e-106,0,0.434837333260417,0.246215695033716,"ADAMTS2"
"chr5:115151427-115153615","chr5",115151427,115153615,2189,14,"*",0,0,9.58550033873564e-151,0,0.38180742540625,0.246036406468457,"CDO1"
"chr13:112758379-112763963","chr13",112758379,112763963,5585,26,"*",0,0,3.64904168977605e-183,0,0.485499802125,0.245735956193369,"LINC00403, LINC00404"
"chr13:95618902-95620997","chr13",95618902,95620997,2096,6,"*",0,0,2.29768761773056e-149,0,0.490875445645833,0.245653893025207,NA
"chr7:4998045-4998897","chr7",4998045,4998897,853,6,"*",0,0,2.38519218386114e-112,0,0.321236558860068,0.245412112689579,"MMD2"
"chr5:54515640-54517041","chr5",54515640,54517041,1402,8,"*",0,0,6.70010782254618e-148,0,0.456421902364583,0.245178940860532,"MCIDAS"
"chr1:208131213-208133116","chr1",208131213,208133116,1904,7,"*",0,0,6.39627861584794e-168,0,0.439258957541667,0.244798779152105,NA
"chr14:48143434-48145588","chr14",48143434,48145588,2155,14,"*",0,0,2.43203476405548e-111,0,0.336765628595058,0.24460069930485,"MDGA2, MDGA2"
"chr9:100612587-100615349","chr9",100612587,100615349,2763,10,"*",0,0,8.07070415832363e-165,0,0.52920162290625,0.243822164543688,NA
"chr19:56904442-56905587","chr19",56904442,56905587,1146,14,"*",0,0,7.37913712239432e-158,0,0.438553329225456,0.243514635349678,"ZNF582-AS1, ZNF582"
"chr7:93519220-93521196","chr7",93519220,93521196,1977,21,"*",0,0,7.32621659388936e-149,0,0.490442383375,0.243119835408208,"GNGT1, AC002076.10, TFPI2"
"chr13:53419596-53420933","chr13",53419596,53420933,1338,8,"*",0,0,1.30390215767173e-118,0,0.302919150833333,0.24304513030845,"PCDH8"
"chr7:145812625-145814306","chr7",145812625,145814306,1682,16,"*",0,0,7.85774723551414e-89,0,0.322556933773062,0.242775347938437,"CNTNAP2"
"chr7:49812430-49816819","chr7",49812430,49816819,4390,20,"*",0,0,2.528043624712e-239,0,0.422785839229167,0.242536262339372,"VWC2"
"chr1:4714008-4716554","chr1",4714008,4716554,2547,14,"*",0,0,5.9884914836653e-146,0,0.346542428166667,0.242505376995995,"AJAP1"
"chr18:25754301-25758434","chr18",25754301,25758434,4134,21,"*",0,0,3.51877708554555e-101,0,0.359656025927083,0.242355186179343,"CDH2"
"chr2:182320901-182322898","chr2",182320901,182322898,1998,17,"*",0,0,0,0,0.480792333791667,0.242241368221171,"ITGA4"
"chr20:37433247-37435978","chr20",37433247,37435978,2732,18,"*",0,0,1.24406965834016e-180,0,0.449212932888206,0.241783391192508,"PPP1R16B"
"chr19:15580010-15580721","chr19",15580010,15580721,712,7,"*",0,0,7.30189214731327e-91,0,0.415443191062655,0.241386503394657,"PGLYRP2"
"chr1:91182215-91185922","chr1",91182215,91185922,3708,25,"*",0,0,3.97586674615645e-132,0,0.385255887005836,0.240693405261778,"BARHL2"
"chr2:185462269-185463803","chr2",185462269,185463803,1535,16,"*",0,0,3.21816380774693e-121,0,0.348578016583333,0.240531554197863,"ZNF804A"
"chr6:10389490-10391412","chr6",10389490,10391412,1923,7,"*",0,0,3.78635685633865e-124,0,0.40081021934375,0.240333454573046,NA
"chr5:5139334-5140935","chr5",5139334,5140935,1602,19,"*",0,0,5.08631638599635e-144,0,0.397550844395833,0.239994417504427,"ADAMTS16, CTD-2297D10.2"
"chr1:237204939-237207256","chr1",237204939,237207256,2318,14,"*",0,0,6.14125259518439e-126,0,0.431348998177083,0.239928049337534,"RYR2"
"chr3:44063315-44063832","chr3",44063315,44063832,518,6,"*",0,0,1.44817545522549e-91,0,0.37631222709375,0.239715839878046,NA
"chr6:85482570-85484863","chr6",85482570,85484863,2294,12,"*",0,0,3.55419065907105e-91,0,0.30956732843692,0.239646024144636,NA
"chr4:134067133-134070598","chr4",134067133,134070598,3466,16,"*",0,0,2.31454072435821e-139,0,0.347095371989583,0.23941435278384,"PCDH10, RP11-9G1.3"
"chr15:48935514-48939483","chr15",48935514,48939483,3970,15,"*",0,0,4.05484267927816e-213,0,0.4472006125,0.238461971340795,"RP11-227D13.1, FBN1"
"chr8:89338965-89341103","chr8",89338965,89341103,2139,13,"*",0,0,3.92565929429559e-107,0,0.346475831125,0.238454615378251,"RP11-586K2.1, MMP16"
"chr20:37351841-37358077","chr20",37351841,37358077,6237,25,"*",0,0,4.83500602807886e-140,0,0.3480064025021,0.237946117152535,"SLC32A1"
"chr11:7271955-7274234","chr11",7271955,7274234,2280,12,"*",0,0,7.59397233310499e-141,0,0.437029763416667,0.237886326170492,"SYT9"
"chr8:53850809-53854495","chr8",53850809,53854495,3687,19,"*",0,0,8.01723613189239e-137,0,0.491549213395833,0.237757675847135,"NPBWR1"
"chr1:111216332-111218554","chr1",111216332,111218554,2223,15,"*",0,0,4.70601512122966e-176,0,0.473933883833333,0.237747281802255,"KCNA3"
"chr5:1878499-1888218","chr5",1878499,1888218,9720,54,"*",0,0,3.00347197413086e-139,0,0.3966822001875,0.237676003021506,"CTD-2194D22.3, CTD-2194D22.4, IRX4"
"chr11:105479843-105481988","chr11",105479843,105481988,2146,26,"*",0,0,1.23228562743275e-143,0,0.4585273454375,0.237480192808549,"GRIA4"
"chr19:37406260-37408110","chr19",37406260,37408110,1851,15,"*",0,0,4.43807854143202e-140,0,0.40026381315625,0.2374576153474,"ZNF568, ZNF829"
"chr3:185911208-185912486","chr3",185911208,185912486,1279,9,"*",0,0,3.94608065246295e-138,0,0.32053632940625,0.237177138943008,"DGKG"
"chr14:97684259-97686001","chr14",97684259,97686001,1743,11,"*",0,0,1.25303068099971e-127,0,0.354692426282906,0.237153968401318,NA
"chr9:101469203-101471607","chr9",101469203,101471607,2405,9,"*",0,0,1.26106593132401e-99,0,0.345453845820784,0.236868285741128,"GABBR2"
"chr14:57263369-57266029","chr14",57263369,57266029,2661,13,"*",0,0,5.06503352864223e-119,0,0.355272738104167,0.236860931533197,NA
"chr3:172164984-172167810","chr3",172164984,172167810,2827,21,"*",0,0,1.86378649615192e-106,0,0.39594385841342,0.236857546856747,"GHSR"
"chr7:8479893-8483569","chr7",8479893,8483569,3677,17,"*",0,0,1.21604938725256e-103,0,0.3629979525,0.236856012370674,"NXPH1"
"chr4:21949853-21951046","chr4",21949853,21951046,1194,11,"*",0,0,1.13238728708508e-123,0,0.350898448697917,0.236751470909725,"RP11-17E2.2, KCNIP4"
"chr11:110581434-110584727","chr11",110581434,110584727,3294,26,"*",0,0,4.20628457931883e-168,0,0.364712690916667,0.236659048817713,"ARHGAP20"
"chr2:237145141-237146748","chr2",237145141,237146748,1608,6,"*",0,4.58466614359665e-297,3.49393640778718e-112,0,0.32350724953125,0.236503181960159,"AC079135.1, ASB18"
"chr18:74960629-74963807","chr18",74960629,74963807,3179,36,"*",0,0,2.11619888938774e-113,0,0.372048350072917,0.235672416037478,"GALR1"
"chr1:77331940-77334748","chr1",77331940,77334748,2809,18,"*",0,0,4.26654655866208e-128,0,0.435793687135417,0.23556635234499,"ST6GALNAC5"
"chr14:63511872-63513359","chr14",63511872,63513359,1488,10,"*",0,0,2.03824624496034e-99,0,0.286527304631416,0.23545097902884,"KCNH5"
"chr9:112402449-112403301","chr9",112402449,112403301,853,9,"*",0,0,3.12584407971873e-96,0,0.359501821229167,0.235354135467181,"PALM2"
"chr7:19155785-19159569","chr7",19155785,19159569,3785,34,"*",0,0,3.26287230798773e-175,0,0.480513818833333,0.235299175896132,"AC003986.7, TWIST1"
"chr8:55368762-55372569","chr8",55368762,55372569,3808,20,"*",0,0,2.84553116169108e-139,0,0.44640022246875,0.234211964804482,"SOX17"
"chr17:13504399-13507160","chr17",13504399,13507160,2762,12,"*",0,0,5.2489193860141e-107,0,0.386681351875,0.234166477820983,"HS3ST3A1"
"chr2:115918326-115921258","chr2",115918326,115921258,2933,19,"*",0,0,5.77303330235692e-147,0,0.410568414,0.233642303412195,"DPP10, DPP10-AS1"
"chr7:117854280-117854765","chr7",117854280,117854765,486,6,"*",0,0,2.08799016391615e-76,0,0.35190263825,0.233336848058864,"ANKRD7"
"chr8:70980488-70984917","chr8",70980488,70984917,4430,22,"*",0,0,2.45909198180135e-168,0,0.462603192677083,0.232975297802362,"PRDM14"
"chr5:45694523-45696784","chr5",45694523,45696784,2262,12,"*",0,0,6.65288370703589e-143,0,0.306933736713783,0.232821169184747,"HCN1"
"chr15:79723173-79725642","chr15",79723173,79725642,2470,16,"*",0,0,2.14445301583136e-171,0,0.318928258770833,0.232757250457086,"KIAA1024"
"chr8:99958470-99963657","chr8",99958470,99963657,5188,19,"*",0,0,9.25797793545453e-112,0,0.369672231354167,0.232310784558666,"OSR2"
"chr13:96204265-96206104","chr13",96204265,96206104,1840,18,"*",0,0,1.13344709797555e-124,0,0.477161096854167,0.231774036965884,"CLDN10"
"chr9:841067-843748","chr9",841067,843748,2682,12,"*",0,0,1.68138140650947e-126,0,0.436216483416667,0.231461969577233,"DMRT1"
"chr10:26503187-26507383","chr10",26503187,26507383,4197,25,"*",0,0,3.10789562068795e-119,0,0.437623106854167,0.23135338511522,"GAD2"
"chr8:55365596-55367627","chr8",55365596,55367627,2032,9,"*",0,0,1.72658367971509e-133,0,0.300410696092172,0.231288219422727,NA
"chr10:57389301-57391427","chr10",57389301,57391427,2127,11,"*",0,0,4.95809698274031e-140,0,0.351542878279749,0.231230073344371,NA
"chr4:17781880-17784060","chr4",17781880,17784060,2181,15,"*",0,0,2.96464644576047e-134,0,0.402500409625,0.230969594743344,"FAM184B"
"chr2:154727485-154730326","chr2",154727485,154730326,2842,21,"*",0,0,4.69617195538639e-124,0,0.375775797510417,0.23087618759036,"GALNT13"
"chr3:68979668-68982098","chr3",68979668,68982098,2431,16,"*",0,0,5.67932681492524e-94,0,0.345539768104167,0.230875244137445,"FAM19A4"
"chr1:37498025-37501164","chr1",37498025,37501164,3140,14,"*",0,0,1.65485771554815e-98,0,0.31398221115625,0.230845962492807,"GRIK3"
"chr13:36705041-36706433","chr13",36705041,36706433,1393,8,"*",0,0,5.93093042511654e-110,0,0.3629979135625,0.230775360047751,"DCLK1"
"chr7:108095719-108097606","chr7",108095719,108097606,1888,12,"*",0,0,2.78767858595372e-146,0,0.389650349552083,0.23021784193939,"NRCAM"
"chr13:112707805-112717707","chr13",112707805,112717707,9903,33,"*",0,0,1.24290098330354e-116,0,0.414100661635417,0.229907639435058,NA
"chr18:76736785-76741157","chr18",76736785,76741157,4373,26,"*",0,0,3.84823237552975e-96,0,0.404240173552083,0.228957769723434,"SALL3, RP11-849I19.1"
"chr4:147557774-147561900","chr4",147557774,147561900,4127,19,"*",0,0,7.27429680014556e-126,0,0.375291470987786,0.228635070898701,"POU4F2, AC093887.1"
"chr13:58203618-58210058","chr13",58203618,58210058,6441,24,"*",0,0,2.52018851483909e-125,0,0.390547679447917,0.228247413421806,"PCDH17"
"chr13:102067343-102069556","chr13",102067343,102069556,2214,15,"*",0,0,6.92442202225186e-178,0,0.481751799229167,0.228234807645682,"NALCN"
"chr4:5712426-5713546","chr4",5712426,5713546,1121,12,"*",0,0,1.16122190869391e-108,0,0.367582939239583,0.22820392321434,"EVC"
"chr10:119494317-119494959","chr10",119494317,119494959,643,6,"*",0,9.48606040015193e-322,6.6264878735952e-103,0,0.285559476861085,0.228071446299288,"RP11-328K15.1"
"chr20:50720731-50723227","chr20",50720731,50723227,2497,14,"*",0,0,2.27455368524046e-112,0,0.380295935145756,0.227859235360315,"ZFP64"
"chr3:96532006-96533824","chr3",96532006,96533824,1819,13,"*",0,0,2.11442633302204e-115,0,0.341687211270833,0.227853002169918,"EPHA6"
"chr2:45155201-45163442","chr2",45155201,45163442,8242,41,"*",0,0,2.11874029365421e-215,0,0.433058284541667,0.22774689086522,"RP11-89K21.1"
"chr7:19812327-19813525","chr7",19812327,19813525,1199,18,"*",0,0,1.03595082599739e-93,0,0.387949746208333,0.22758960106138,"TMEM196"
"chr12:54354162-54355476","chr12",54354162,54355476,1315,7,"*",0,0,1.28166571819809e-113,0,0.344146166677083,0.227418819845547,NA
"chr11:94133505-94135029","chr11",94133505,94135029,1525,14,"*",0,0,2.39940822772894e-79,0,0.352641073052083,0.22693468263439,"GPR83"
"chr12:5018229-5021871","chr12",5018229,5021871,3643,22,"*",0,0,1.54764116385353e-160,0,0.3790824695625,0.226898940579456,"KCNA1"
"chr11:123300323-123302579","chr11",123300323,123302579,2257,15,"*",0,0,1.01793987228875e-129,0,0.429048313268599,0.226671618701748,"AP000783.1"
"chr5:113390551-113392117","chr5",113390551,113392117,1567,11,"*",0,0,1.27666231987166e-117,0,0.34046576096875,0.226451604510759,"RP11-371M22.1"
"chr2:56149825-56151179","chr2",56149825,56151179,1355,12,"*",0,0,1.69216756714887e-100,0,0.300080973633864,0.226325606089184,"EFEMP1"
"chr19:58125386-58126053","chr19",58125386,58126053,668,15,"*",0,0,2.29587337481566e-95,0,0.311374895760417,0.22621632789275,"ZNF134"
"chr4:5889238-5890751","chr4",5889238,5890751,1514,15,"*",0,0,5.20351249095464e-68,0,0.433185006822917,0.22609195748268,"CRMP1"
"chr6:168078772-168080645","chr6",168078772,168080645,1874,9,"*",0,0,3.12203400542508e-126,0,0.324904608208333,0.226005347211001,"RP11-351J23.2, RP11-351J23.1"
"chr12:106978920-106981513","chr12",106978920,106981513,2594,13,"*",0,0,1.38002171249563e-92,0,0.288554185951737,0.225722908598314,"RFX4, RP11-144F15.1"
"chr17:6678929-6679564","chr17",6678929,6679564,636,11,"*",0,0,2.36593326836719e-82,0,0.3479977246875,0.225659481737542,"XAF1, FBXO39"
"chr1:110210021-110210925","chr1",110210021,110210925,905,8,"*",0,0,1.01836390564611e-146,0,0.364399716644171,0.225593401849444,"GSTM2"
"chr3:148415443-148416308","chr3",148415443,148416308,866,8,"*",0,0,1.54243066360861e-99,0,0.286760208572917,0.225499298029652,"AGTR1"
"chr2:201449632-201451303","chr2",201449632,201451303,1672,15,"*",0,0,3.73284965413218e-55,0,0.406380466083333,0.22541643920248,"AOX1"
"chr8:68862516-68865187","chr8",68862516,68865187,2672,16,"*",0,0,4.68156654744811e-211,0,0.400712564562822,0.225267422530252,"PREX2"
"chr3:64253534-64253818","chr3",64253534,64253818,285,6,"*",0,0,1.38376870445266e-94,0,0.276165455043174,0.225202775049624,"PRICKLE2"
"chr6:94126141-94129636","chr6",94126141,94129636,3496,17,"*",0,0,1.22918492418406e-85,0,0.336080278458333,0.225160528532658,"EPHA7"
"chr12:72665282-72668470","chr12",72665282,72668470,3189,19,"*",0,0,5.28862707415088e-112,0,0.377377695016285,0.225113698258465,"TRHDE, TRHDE-AS1"
"chr15:88798331-88801474","chr15",88798331,88801474,3144,22,"*",0,0,1.6784910124173e-119,0,0.410162064145833,0.225019488457928,"NTRK3-AS1, NTRK3"
"chr10:23982350-23985722","chr10",23982350,23985722,3373,18,"*",0,0,9.21739001166735e-145,0,0.354458969458333,0.225007906550107,"KIAA1217"
"chr13:23733305-23735282","chr13",23733305,23735282,1978,9,"*",0,0,6.48547126283021e-122,0,0.3952026020625,0.224579100075546,NA
"chr18:59000498-59001726","chr18",59000498,59001726,1229,13,"*",0,0,1.41744262848093e-100,0,0.379804475833333,0.224424957125661,"CDH20"
"chr3:140769274-140771786","chr3",140769274,140771786,2513,21,"*",0,0,3.34295829727183e-100,0,0.394949589708333,0.224205208816232,"SPSB4"
"chr5:135265717-135266896","chr5",135265717,135266896,1180,14,"*",0,0,3.67625504149341e-147,0,0.363508624427083,0.224163480554778,"FBXL21, LECT2"
"chr20:8111582-8113630","chr20",8111582,8113630,2049,15,"*",0,0,3.1290277811238e-56,0,0.39439606303125,0.222772179728487,"PLCB1"
"chr5:33936171-33938909","chr5",33936171,33938909,2739,19,"*",0,0,1.33329273439358e-94,0,0.365510998104167,0.22270635900836,"RXFP3"
"chr2:119592325-119594696","chr2",119592325,119594696,2372,9,"*",0,0,3.68704472108925e-123,0,0.287776745046215,0.222603048378416,"RP11-19E11.1"
"chr19:52900882-52901639","chr19",52900882,52901639,758,12,"*",0,0,4.39424931310871e-60,0,0.328550490739583,0.222545003928997,"ZNF528, CTD-3018O17.3"
"chr10:129533731-129537990","chr10",129533731,129537990,4260,20,"*",0,0,6.80171190790453e-120,0,0.37710918821875,0.222328571014027,"FOXI2, AL391005.1"
"chr18:18821328-18823509","chr18",18821328,18823509,2182,14,"*",0,0,8.32096945265467e-72,0,0.311326674573761,0.222006248166138,"GREB1L, RP11-699A5.2"
"chr7:103629099-103631129","chr7",103629099,103631129,2031,16,"*",0,0,1.95905724831512e-158,0,0.283675847958333,0.221875634255431,"RELN"
"chr9:124460262-124464871","chr9",124460262,124464871,4610,12,"*",0,0,5.1405690296397e-130,0,0.427497929969504,0.221631530906594,"DAB2IP"
"chr6:166577862-166583523","chr6",166577862,166583523,5662,27,"*",0,0,2.44960325035754e-157,0,0.418535438635417,0.221412834923604,"T"
"chr3:6901652-6905031","chr3",6901652,6905031,3380,21,"*",0,0,6.97230581767401e-103,0,0.329145506859127,0.221256125601341,"GRM7"
"chr4:166793622-166796212","chr4",166793622,166796212,2591,24,"*",0,0,4.78368021056243e-99,0,0.381849614989583,0.220916268523675,"TLL1"
"chr3:237137-240139","chr3",237137,240139,3003,25,"*",0,0,5.42711361832037e-127,0,0.346619203401232,0.220764845460236,"CHL1, CHL1-AS2"
"chr12:24714652-24717178","chr12",24714652,24717178,2527,20,"*",0,0,5.95907659021602e-120,0,0.356453827760417,0.22053311772351,"RP11-444D3.1"
"chr20:21487412-21490665","chr20",21487412,21490665,3254,8,"*",0,0,1.31998214507733e-109,0,0.29942815103125,0.22036832955336,NA
"chr6:105584149-105585762","chr6",105584149,105585762,1614,18,"*",0,0,1.3627469582401e-102,0,0.363481535620529,0.220359098966137,"BVES-AS1, BVES"
"chr7:155241490-155244727","chr7",155241490,155244727,3238,13,"*",0,0,2.08097371657932e-173,0,0.31466942025,0.220244063538062,"AC008060.8"
"chr8:97504959-97507958","chr8",97504959,97507958,3000,20,"*",0,0,1.1118794094329e-187,0,0.440993793208333,0.219957800443248,"SDC2"
"chr14:57282784-57284528","chr14",57282784,57284528,1745,8,"*",0,0,1.87017393926207e-100,0,0.376972846916667,0.219941326039742,"OTX2-AS1, RP11-1085N6.5"
"chr8:54789207-54795315","chr8",54789207,54795315,6109,28,"*",0,0,1.41281073733444e-158,0,0.376686527083333,0.219804119347192,"RGS20, RP11-1070A24.2"
"chr19:51829721-51831274","chr19",51829721,51831274,1554,7,"*",0,0,2.40049451718203e-115,0,0.320644854812487,0.219718089963678,"IGLON5"
"chr20:43437858-43439706","chr20",43437858,43439706,1849,9,"*",0,0,2.22340145912466e-176,0,0.3890269936875,0.219607842044051,"RIMS4"
"chr19:8656319-8657916","chr19",8656319,8657916,1598,11,"*",0,0,5.8534413968106e-70,0,0.361525451041667,0.219581529878572,"ADAMTS10"
"chr13:95362829-95366456","chr13",95362829,95366456,3628,25,"*",0,0,2.57781073815065e-146,0,0.423190316197917,0.219556271815578,"SOX21-AS1, SOX21"
"chr10:91294781-91296457","chr10",91294781,91296457,1677,17,"*",0,0,9.21372119289661e-89,0,0.335284560229167,0.219287769291681,"SLC16A12"
"chr3:68056706-68057572","chr3",68056706,68057572,867,6,"*",0,0,1.13900745575681e-107,0,0.3497026118125,0.219126700154729,"FAM19A1"
"chr7:27140797-27148002","chr7",27140797,27148002,7206,44,"*",0,0,8.46807071467003e-164,0,0.364920844833333,0.219055130362193,"HOXA-AS2, HOXA2, HOXA3"
"chr13:36870809-36873065","chr13",36870809,36873065,2257,14,"*",0,0,5.77244836818799e-138,0,0.39090847308305,0.219046187445386,"SOHLH2, CCDC169-SOHLH2, CCDC169"
"chr17:32905661-32909375","chr17",32905661,32909375,3715,24,"*",0,0,1.07737788281838e-123,0,0.354697026479167,0.218846837380378,"TMEM132E, C17orf102"
"chr8:65280876-65287050","chr8",65280876,65287050,6175,29,"*",0,0,1.95781495374244e-138,0,0.386044750052083,0.218583478619678,"LINC00966, RP11-32K4.1"
"chr2:164592477-164594200","chr2",164592477,164594200,1724,11,"*",0,0,1.99894526288916e-93,0,0.379315769884264,0.218474499966186,"FIGN"
"chr16:66635626-66639593","chr16",66635626,66639593,3968,25,"*",0,0,6.63903713589592e-77,0,0.4665480419375,0.218360994846951,"CMTM3"
"chr10:50816058-50818911","chr10",50816058,50818911,2854,16,"*",0,0,4.88300313546249e-126,0,0.447109090239583,0.218354052967268,"CHAT, SLC18A3"
"chr11:24518149-24518726","chr11",24518149,24518726,578,12,"*",0,0,1.81640089137067e-77,0,0.265559031052083,0.218317387349477,"LUZP2"
"chr8:97156397-97158052","chr8",97156397,97158052,1656,8,"*",0,0,2.32091721342185e-159,0,0.313699237109629,0.2182868385621,"GDF6"
"chr2:210636188-210636844","chr2",210636188,210636844,657,10,"*",0,0,2.57722111733507e-108,0,0.336240252302083,0.218205918504051,"UNC80"
"chr8:32404299-32406928","chr8",32404299,32406928,2630,11,"*",0,0,3.64345625181924e-88,0,0.359160368604167,0.218196282981752,"NRG1"
"chr12:111470657-111474088","chr12",111470657,111474088,3432,17,"*",0,0,8.38927415812124e-164,0,0.37783006640625,0.218003223429471,"CUX2"
"chr20:61883856-61886598","chr20",61883856,61886598,2743,16,"*",0,0,2.36389900592366e-109,0,0.4240831533125,0.217571550438515,"NKAIN4"
"chr5:80689796-80691176","chr5",80689796,80691176,1381,7,"*",0,0,2.06947402080475e-115,0,0.339595119572917,0.21714167457581,"ACOT12"
"chr12:45443735-45445864","chr12",45443735,45445864,2130,17,"*",0,0,2.85336056713406e-92,0,0.333496715697917,0.21680059911596,"RP11-478B9.1, DBX2"
"chr1:207818003-207818818","chr1",207818003,207818818,816,8,"*",0,4.45384832821801e-294,1.3077183189279e-138,0,0.470216174375,0.216384023349789,"CR1L, CD46P1"
"chr12:65218019-65220152","chr12",65218019,65220152,2134,18,"*",0,0,3.0991987946507e-127,0,0.359443888833333,0.216263906198096,"TBC1D30"
"chr5:140891767-140895708","chr5",140891767,140895708,3942,11,"*",0,0,7.92789929631887e-85,0,0.465666953916667,0.216121591636827,"PCDHGA1, PCDHGA2, PCDHGA3, PCDHGB1, PCDHGA4, PCDHGB2, PCDHGA5, PCDHGB3, PCDHGA6, PCDHGA7, PCDHGB4, PCDHGA8, PCDHGA9, PCDHGB6, PCDHGA10, PCDHGB7, PCDHGA11, PCDHGA12, PCDHGC3, PCDHGC4, PCDHGC5, DIAPH1"
"chr19:23253218-23254381","chr19",23253218,23254381,1164,7,"*",0,0,4.00815239658189e-107,0,0.301437969925144,0.216117625508329,"CTD-2291D10.3"
"chr7:136553088-136556271","chr7",136553088,136556271,3184,22,"*",0,0,2.15004843948171e-132,0,0.335852791387742,0.215871829754023,"CHRM2, hsa-mir-490"
"chr22:45402995-45406639","chr22",45402995,45406639,3645,29,"*",0,0,5.5392971729427e-88,0,0.360542503045326,0.21571135000591,"PHF21B"
"chr16:10274064-10277505","chr16",10274064,10277505,3442,27,"*",0,0,2.04328691882122e-117,0,0.45754848915625,0.215587868761866,"GRIN2A"
"chr3:62353312-62365402","chr3",62353312,62365402,12091,64,"*",0,0,2.77357611028486e-148,0,0.429352511625,0.215509761195306,"PTPRG-AS1, FEZF2"
"chr19:58609269-58611007","chr19",58609269,58611007,1739,15,"*",0,0,7.03413418729364e-103,0,0.3492837950625,0.215382804536996,"ZSCAN18"
"chr2:1745630-1749076","chr2",1745630,1749076,3447,19,"*",0,0,5.74465891691908e-145,0,0.4677218058125,0.215129495296681,"PXDN"
"chr20:23028304-23032166","chr20",23028304,23032166,3863,21,"*",0,0,2.94406220008938e-173,0,0.385546842489583,0.215097863033446,"THBD"
"chr4:93224058-93227195","chr4",93224058,93227195,3138,21,"*",0,0,4.17985569454707e-99,0,0.362957645364583,0.215020579480376,"GRID2, RP11-9B6.1"
"chr4:5052379-5054483","chr4",5052379,5054483,2105,16,"*",0,0,2.12326874933091e-152,0,0.346651528285057,0.21485615187414,"STK32B"
"chr2:131720820-131722957","chr2",131720820,131722957,2138,8,"*",0,0,3.42580846101188e-240,0,0.354519422885417,0.21485521781247,"ARHGEF4"
"chr7:50342251-50345049","chr7",50342251,50345049,2799,11,"*",0,0,1.38092531120964e-135,0,0.3973892659375,0.214713716192841,"IKZF1"
"chr1:169396706-169397550","chr1",169396706,169397550,845,10,"*",0,0,2.96891210845737e-83,0,0.42875507153125,0.214703670223308,"CCDC181"
"chr19:56879036-56880388","chr19",56879036,56880388,1353,15,"*",0,0,2.13648531771212e-154,0,0.44363723765194,0.214365695493929,"ZNF542, ZSCAN5A, AC006116.21"
"chr11:122850140-122851122","chr11",122850140,122851122,983,7,"*",0,0,7.61778383236462e-106,0,0.271488647325551,0.214284082613518,"BSX"
"chr11:20689672-20693928","chr11",20689672,20693928,4257,25,"*",0,0,4.50930674196143e-165,0,0.388789339354167,0.21400589064631,"NELL1, RP11-701I24.3"
"chr14:60972853-60978852","chr14",60972853,60978852,6000,32,"*",0,0,1.70518738490067e-129,0,0.370018973052083,0.213976336032215,"SIX6, C14orf39"
"chr14:85995655-86001111","chr14",85995655,86001111,5457,31,"*",0,0,4.78986582625613e-107,0,0.319357954979965,0.213943291565013,"RP11-497E19.2, FLRT2, RP11-497E19.1"
"chr11:503270-504937","chr11",503270,504937,1668,14,"*",0,0,7.72018700471475e-121,0,0.3788144330625,0.213936846142321,"RNH1"
"chr3:24869928-24872319","chr3",24869928,24872319,2392,7,"*",0,0,1.17191889199998e-123,0,0.316152124374858,0.213692582404792,"AC133680.1"
"chr11:115529573-115531299","chr11",115529573,115531299,1727,11,"*",0,0,1.5601988908865e-144,0,0.365352286552083,0.213644998494858,"AP000797.3"
"chr15:84115371-84116920","chr15",84115371,84116920,1550,13,"*",0,0,1.67502761738961e-90,0,0.382352036020833,0.213627137428106,"SH3GL3"
"chr11:94500612-94502879","chr11",94500612,94502879,2268,21,"*",0,0,1.70288795989787e-170,0,0.36681627084375,0.21357512900382,"AMOTL1"
"chr1:119520934-119522855","chr1",119520934,119522855,1922,6,"*",0,0,3.31406625588784e-115,0,0.275194538432269,0.213527050400545,"TBX15"
"chr7:96625586-96627700","chr7",96625586,96627700,2115,11,"*",0,0,4.13953514355685e-114,0,0.27215721409375,0.213495692085816,"DLX6-AS1"
"chr16:66612290-66614916","chr16",66612290,66614916,2627,16,"*",0,0,1.00007607357362e-169,0,0.420238792677083,0.213264007305156,"CKLF-CMTM1, CMTM1, CMTM2, RP11-403P17.2"
"chr2:40677600-40680611","chr2",40677600,40680611,3012,12,"*",0,0,1.87417467684259e-116,0,0.393495879854167,0.213206926324511,"SLC8A1"
"chr1:14923736-14926521","chr1",14923736,14926521,2786,15,"*",0,0,2.50874566201575e-206,0,0.43216086408363,0.213113951721419,"KAZN"
"chr19:38182381-38183460","chr19",38182381,38183460,1080,13,"*",0,0,1.9722778988807e-63,0,0.3388355453125,0.212967931765229,"ZFP30, ZNF781, CTD-2528L19.4"
"chr10:23483512-23484867","chr10",23483512,23484867,1356,6,"*",0,0,1.212855949912e-139,0,0.256014572781746,0.212898789384416,NA
"chr1:91188999-91193193","chr1",91188999,91193193,4195,29,"*",0,0,5.66360986867128e-170,0,0.44890602075,0.212867598586314,NA
"chr11:69631981-69635508","chr11",69631981,69635508,3528,25,"*",0,0,4.44885152384748e-89,0,0.321794815479167,0.212484404066824,"FGF3"
"chr2:68545433-68548142","chr2",68545433,68548142,2710,22,"*",0,0,1.09766056953365e-232,0,0.471199743532171,0.212022007986317,"CNRIP1"
"chr8:23566799-23567941","chr8",23566799,23567941,1143,8,"*",0,0,3.23306533715544e-130,0,0.272931053739583,0.211931928555337,"RP11-175E9.1"
"chr8:65289139-65294798","chr8",65289139,65294798,5660,28,"*",0,0,3.68379236890194e-88,0,0.365029111458333,0.211666803148277,"LINC00966, MIR124-2"
"chr22:48970600-48973245","chr22",48970600,48973245,2646,13,"*",0,0,2.4030207840488e-164,0,0.34610958869733,0.211652572455574,"FAM19A5"
"chr5:88184945-88185987","chr5",88184945,88185987,1043,9,"*",0,0,2.34083704000397e-147,0,0.361279246229167,0.211617090351761,"MEF2C-AS1, MEF2C"
"chr12:129337768-129338939","chr12",129337768,129338939,1172,8,"*",0,0,2.31057237717299e-105,0,0.301566538958333,0.211306410887436,"GLT1D1"
"chr15:83314677-83317632","chr15",83314677,83317632,2956,23,"*",0,0,2.10432768854641e-129,0,0.402885906864583,0.211179778495726,"RP11-752G15.3, CPEB1"
"chr1:16081988-16085984","chr1",16081988,16085984,3997,20,"*",0,0,6.44898816005171e-289,0,0.431699955333333,0.211172506084494,"FBLIM1"
"chr8:105235184-105236155","chr8",105235184,105236155,972,9,"*",0,0,1.48101022591931e-123,0,0.376312188125,0.211142727082021,"RIMS2"
"chr4:20253130-20257590","chr4",20253130,20257590,4461,23,"*",0,0,1.64330247632472e-156,0,0.3759989235625,0.21110904843502,"SLIT2"
"chr20:24448346-24452131","chr20",24448346,24452131,3786,22,"*",0,0,6.35225582210798e-206,0,0.352395498707766,0.210884079835382,"SYNDIG1"
"chr2:5831147-5834638","chr2",5831147,5834638,3492,15,"*",0,0,7.99603381074716e-75,0,0.270643060248132,0.210833553975133,"SOX11, AC107057.2, AC108025.2"
"chr16:3354260-3356149","chr16",3354260,3356149,1890,22,"*",0,0,5.43443630999896e-77,0,0.357447747552083,0.210707608361915,"ZNF75A, TIGD7"
"chr7:137531173-137533035","chr7",137531173,137533035,1863,10,"*",0,0,1.11698588042655e-135,0,0.341677747990749,0.210668474656542,"DGKI"
"chr7:21582064-21584483","chr7",21582064,21584483,2420,15,"*",0,0,1.1490613422222e-111,0,0.373839541208333,0.21053914987161,"DNAH11"
"chr21:27010160-27012878","chr21",27010160,27012878,2719,17,"*",0,0,7.71213328318853e-136,0,0.389546492510417,0.210536393001525,"JAM2"
"chr19:58038065-58039253","chr19",58038065,58039253,1189,10,"*",0,0,4.83779689439217e-120,0,0.317428593352608,0.210509359898663,"ZNF549"
"chr6:99271709-99273830","chr6",99271709,99273830,2122,19,"*",0,0,9.27909336596812e-98,0,0.30153667946875,0.210391894033538,NA
"chr7:155164294-155168238","chr7",155164294,155168238,3945,20,"*",0,0,4.98113568554047e-137,0,0.32280607524437,0.210360673779195,NA
"chr7:19145530-19148187","chr7",19145530,19148187,2658,12,"*",0,0,3.77748753698805e-115,0,0.330896964708333,0.210357472811605,"TWIST1"
"chr19:21657164-21658001","chr19",21657164,21658001,838,7,"*",0,0,3.11973237427166e-79,0,0.299828582822917,0.210051122402354,"CTD-2561J22.3"
"chr20:21491952-21498921","chr20",21491952,21498921,6970,28,"*",0,0,9.44876280269198e-134,0,0.373309014430929,0.209961406576335,"NKX2-2-AS1, NKX2-2"
"chr6:108484512-108492769","chr6",108484512,108492769,8258,45,"*",0,0,2.63425594743635e-171,0,0.311457207104167,0.209851910486788,"NR2E1, OSTM1"
"chr9:115652824-115654220","chr9",115652824,115654220,1397,11,"*",0,0,9.96433419558164e-119,0,0.345156572260417,0.209717308139787,"SLC46A2"
"chr14:74705733-74708313","chr14",74705733,74708313,2581,15,"*",0,0,8.6210851864119e-128,0,0.355635135249304,0.20954139314122,"VSX2"
"chr12:133484026-133485856","chr12",133484026,133485856,1831,8,"*",0,0,2.86643434037577e-83,0,0.305618313235067,0.209514534556183,"CHFR"
"chr8:77592757-77596382","chr8",77592757,77596382,3626,25,"*",0,0,7.01501649239711e-147,0,0.37240036934375,0.208822736519964,"ZFHX4, ZFHX4-AS1"
"chr3:27770059-27772805","chr3",27770059,27772805,2747,17,"*",0,0,1.5157718144284e-82,0,0.328975233572917,0.208508438670293,NA
"chr7:121949204-121951055","chr7",121949204,121951055,1852,9,"*",0,0,9.19106296135029e-61,0,0.315988465239583,0.208416919149843,"FEZF1-AS1, FEZF1"
"chr2:29335792-29339806","chr2",29335792,29339806,4015,20,"*",0,0,6.26827813520821e-140,0,0.4000385411875,0.208394594033716,"CLIP4"
"chr1:177133536-177134454","chr1",177133536,177134454,919,16,"*",0,0,9.63878596063448e-109,0,0.306373442536629,0.208347738270221,"ASTN1"
"chr19:37328842-37329859","chr19",37328842,37329859,1018,18,"*",0,0,3.01263616848281e-58,0,0.290666516479167,0.208198854786631,"ZNF790"
"chr19:54464956-54466724","chr19",54464956,54466724,1769,10,"*",0,0,2.32971171919934e-92,0,0.353714225677083,0.208033703950162,"CACNG8"
"chr2:70994758-70996021","chr2",70994758,70996021,1264,18,"*",0,0,4.89735305948384e-93,0,0.43892553125,0.20767419410814,"ADD2"
"chr1:91300215-91303544","chr1",91300215,91303544,3330,17,"*",0,0,1.91875588259267e-115,0,0.358797505135417,0.207601411662726,"RP4-665J23.1"
"chr3:129692836-129694665","chr3",129692836,129694665,1830,18,"*",0,0,1.40587839850918e-209,0,0.40931556990625,0.207398215467019,"TRH"
"chr2:124782117-124783698","chr2",124782117,124783698,1582,12,"*",0,0,1.06356734088471e-82,0,0.3343559064375,0.207299364644929,"CNTNAP5, AC079154.1"
"chr18:5894665-5896267","chr18",5894665,5896267,1603,10,"*",0,0,3.17027469847844e-67,0,0.275714507574469,0.206997597316797,"RP11-945C19.4, TMEM200C"
"chr6:127438426-127442679","chr6",127438426,127442679,4254,25,"*",0,0,1.87658975498006e-168,0,0.378196701802083,0.206971522036328,"RSPO3"
"chr1:67217673-67218505","chr1",67217673,67218505,833,12,"*",0,0,1.41908353748928e-68,0,0.286603481716927,0.206910444192044,"TCTEX1D1"
"chr20:59826138-59829060","chr20",59826138,59829060,2923,9,"*",0,0,6.71526933501515e-214,0,0.365620105840716,0.206511098125309,"CDH4"
"chr10:110671609-110672231","chr10",110671609,110672231,623,6,"*",0,0,8.39224970019493e-115,0,0.260430399507241,0.205847729401429,NA
"chr19:30715001-30720025","chr19",30715001,30720025,5025,20,"*",0,0,3.0268143709379e-127,0,0.325029771789747,0.205833837947963,"ZNF536, AC005597.1"
"chr19:12304452-12306303","chr19",12304452,12306303,1852,10,"*",0,0,7.56037522723089e-91,0,0.29435049546875,0.205753946677607,"CTD-2666L21.1"
"chr12:119417806-119419786","chr12",119417806,119419786,1981,17,"*",0,0,9.50329419759565e-63,0,0.328275533916667,0.205490541545865,"SRRM4"
"chr18:7116421-7119131","chr18",7116421,7119131,2711,12,"*",0,0,7.52255929966522e-98,0,0.397831204332264,0.205384371900585,"LAMA1"
"chr8:104510754-104514118","chr8",104510754,104514118,3365,20,"*",0,0,4.11829742454462e-119,0,0.497857485958333,0.205145485930538,"RIMS2, RP11-1C8.4"
"chr17:50234775-50237844","chr17",50234775,50237844,3070,29,"*",0,0,1.62781616345597e-99,0,0.31998535490625,0.205104749060792,"CA10"
"chr2:182542510-182550065","chr2",182542510,182550065,7556,38,"*",0,0,2.22698161644571e-129,0,0.41439836096875,0.205051121887461,"AC013733.3, CERKL, NEUROD1"
"chr14:58331189-58333384","chr14",58331189,58333384,2196,13,"*",0,0,2.62887876468425e-161,0,0.344447997178726,0.204967719096726,"SLC35F4"
"chr10:23460245-23464518","chr10",23460245,23464518,4274,18,"*",0,0,8.64908135242736e-143,0,0.423431991822917,0.204946678279747,NA
"chr3:154796045-154798648","chr3",154796045,154798648,2604,21,"*",0,0,1.51987648018193e-73,0,0.30247574078125,0.204844489602953,"MME"
"chr14:29234282-29237480","chr14",29234282,29237480,3199,28,"*",0,0,1.60229822059142e-90,0,0.313460690989583,0.204756408276214,"FOXG1, RP11-966I7.1"
"chr2:137521943-137523892","chr2",137521943,137523892,1950,9,"*",0,0,5.38970674093718e-133,0,0.337412864822917,0.204735436721774,"THSD7B"
"chr16:56223970-56228901","chr16",56223970,56228901,4932,34,"*",0,0,6.8161784347092e-139,0,0.436615295346475,0.204709044809455,"GNAO1, RP11-461O7.1, CTD-2050B12.2"
"chr6:159588564-159591121","chr6",159588564,159591121,2558,8,"*",0,0,7.80895702310543e-128,0,0.393695552635417,0.204578444107811,"FNDC1, RP11-13P5.2"
"chr19:12201983-12203946","chr19",12201983,12203946,1964,8,"*",0,0,1.24088733712166e-91,0,0.388580242791667,0.204337209632336,"ZNF788, ZNF788, ZNF20"
"chr2:119615496-119617128","chr2",119615496,119617128,1633,10,"*",0,0,7.07710962418095e-105,0,0.260401844802083,0.204252831102918,NA
"chr3:179754239-179755696","chr3",179754239,179755696,1458,12,"*",0,0,8.27936057174581e-132,0,0.339770671703721,0.204243054686711,"PEX5L"
"chr18:4453856-4456154","chr18",4453856,4456154,2299,11,"*",0,0,3.10104466414352e-108,0,0.3235541025625,0.204228934137502,"DLGAP1"
"chr4:156587892-156589349","chr4",156587892,156589349,1458,15,"*",0,0,1.12417715311935e-86,0,0.410953482010417,0.204211978838727,"GUCY1A3"
"chr7:155174129-155175340","chr7",155174129,155175340,1212,9,"*",0,0,3.46718754017335e-130,0,0.312876286,0.204114108237053,"AC008060.7"
"chr2:213400697-213403960","chr2",213400697,213403960,3264,24,"*",0,0,1.551585004633e-115,0,0.281514147875,0.203758352723468,"ERBB4"
"chr19:58569986-58571811","chr19",58569986,58571811,1826,14,"*",0,0,4.73734383335026e-138,0,0.366077233186199,0.203433793233992,"ZNF135"
"chr6:80656586-80658030","chr6",80656586,80658030,1445,15,"*",0,0,5.21043303280829e-107,0,0.320044104104167,0.203399542275073,"ELOVL4"
"chr22:39852666-39854490","chr22",39852666,39854490,1825,6,"*",0,0,3.54347356839785e-124,0,0.400268273776077,0.203379974495271,"MGAT3"
"chr13:26623786-26626663","chr13",26623786,26626663,2878,16,"*",0,0,3.94524793092252e-195,0,0.35026882190625,0.203224845673117,"SHISA2, LINC00415"
"chr12:41085286-41087584","chr12",41085286,41087584,2299,17,"*",0,0,1.44360101543328e-109,0,0.368568194541667,0.20318326134601,"CNTN1"
"chr20:2780114-2782348","chr20",2780114,2782348,2235,16,"*",0,0,9.22103481429591e-108,0,0.353025860240649,0.203082617302391,"CPXM1"
"chr6:72129198-72131020","chr6",72129198,72131020,1823,12,"*",0,0,1.62639179441633e-115,0,0.314919520177083,0.203024486354902,"LINC00472"
"chr14:42073791-42079246","chr14",42073791,42079246,5456,28,"*",0,0,9.08547862412879e-107,0,0.332665313958333,0.203004101044839,"LRFN5, CTD-2298J14.2"
"chr5:170734312-170740937","chr5",170734312,170740937,6626,31,"*",0,0,1.04076224235726e-75,0,0.389396222572917,0.202923394079624,"TLX3"
"chr13:78491982-78494887","chr13",78491982,78494887,2906,46,"*",0,0,2.07480054459901e-104,0,0.341990282947917,0.202915095911913,"RNF219-AS1, EDNRB"
"chr14:23834477-23836047","chr14",23834477,23836047,1571,13,"*",0,0,1.31779177543229e-79,0,0.345532199354167,0.202903374081303,"EFS"
"chr4:157996014-157998201","chr4",157996014,157998201,2188,17,"*",0,0,1.94906699240644e-123,0,0.394161371270833,0.202717385648786,"GLRB"
"chr1:34628784-34633066","chr1",34628784,34633066,4283,32,"*",0,0,2.00931936116702e-52,0,0.405779038,0.202551798506963,"C1orf94, CSMD2"
"chr2:74725040-74727321","chr2",74725040,74727321,2282,17,"*",0,0,3.93950841024585e-97,0,0.396018237895833,0.202529993052892,"LBX2, AC005041.17"
"chr14:61107344-61111558","chr14",61107344,61111558,4215,11,"*",0,0,3.66096744194938e-144,0,0.288458417625,0.202380796331143,"RP11-1042B17.5, SIX1"
"chr4:81184245-81189927","chr4",81184245,81189927,5683,28,"*",0,0,4.70165579849005e-147,0,0.366158298142458,0.202374416564815,"FGF5"
"chr4:62065095-62069228","chr4",62065095,62069228,4134,18,"*",0,0,4.54100944955454e-152,0,0.3410927316875,0.202323649181317,"LPHN3"
"chr1:18956762-18960940","chr1",18956762,18960940,4179,23,"*",0,0,2.98577731326472e-110,0,0.378779504166667,0.202316058384907,"PAX7"
"chr8:11565226-11568356","chr8",11565226,11568356,3131,19,"*",0,0,1.13412207172138e-104,0,0.263459863830215,0.202219217656192,"GATA4"
"chr15:89948930-89953295","chr15",89948930,89953295,4366,20,"*",0,0,2.68356480191573e-108,0,0.29120492937853,0.201961805295197,NA
"chr20:26188639-26190354","chr20",26188639,26190354,1716,12,"*",0,0,4.82739009176418e-102,0,0.304927847427083,0.201909753049458,"MIR663A"
"chr11:15135329-15136688","chr11",15135329,15136688,1360,13,"*",0,0,7.12151046059239e-97,0,0.335650569239583,0.20188356385491,"INSC"
"chr19:52872727-52873624","chr19",52872727,52873624,898,14,"*",0,0,1.80027517237508e-65,0,0.287590661052083,0.201845090120659,"ZNF880"
"chr5:59188112-59190211","chr5",59188112,59190211,2100,15,"*",0,0,1.54607742785146e-105,0,0.2637308411875,0.201389049681622,"PDE4D"
"chr8:23562003-23565174","chr8",23562003,23565174,3172,20,"*",0,0,1.22110297279072e-107,0,0.282350098125,0.201202911658713,"RP11-175E9.1, NKX2-6"
"chr3:192231892-192234611","chr3",192231892,192234611,2720,10,"*",0,0,1.72635720952941e-189,0,0.334324066666667,0.201146264502478,"FGF12-AS2, FGF12"
"chr9:122130826-122132379","chr9",122130826,122132379,1554,8,"*",0,0,1.81739841912523e-134,0,0.361737099316262,0.201127426592239,"BRINP1"
"chr11:79147209-79152969","chr11",79147209,79152969,5761,29,"*",0,0,1.80248661294035e-118,0,0.387332212833333,0.201115521782352,"TENM4"
"chr1:228603645-228605010","chr1",228603645,228605010,1366,14,"*",0,0,2.15942859697833e-76,0,0.317251660208333,0.201076721159835,"TRIM17"
"chr16:28072873-28076248","chr16",28072873,28076248,3376,16,"*",0,0,4.26476893286359e-157,0,0.46334923225,0.20094340952751,"GSG1L"
"chr11:20180336-20183057","chr11",20180336,20183057,2722,19,"*",0,0,3.8719924580096e-89,0,0.310112697770833,0.20055255206331,"DBX1"
"chr1:217306590-217314284","chr1",217306590,217314284,7695,33,"*",0,0,3.24629906363868e-122,0,0.340941057104167,0.200538783980296,"ESRRG"
"chr18:35145353-35148483","chr18",35145353,35148483,3131,32,"*",0,0,5.38508097883852e-90,0,0.317425913156153,0.200430674713127,"CELF4"
"chr5:115296978-115299828","chr5",115296978,115299828,2851,21,"*",0,0,1.35630913264236e-133,0,0.3877587746875,0.200316048745036,"AQPEP"
"chr12:128750971-128755527","chr12",128750971,128755527,4557,12,"*",0,0,2.19126960055411e-90,0,0.317884129083333,0.200138243948967,"TMEM132C"
"chr8:121136014-121138232","chr8",121136014,121138232,2219,11,"*",0,0,4.33084667870486e-152,0,0.326904724445424,0.200091530329622,"COL14A1"
"chr8:91997001-91998418","chr8",91997001,91998418,1418,11,"*",0,5.94653116670134e-287,7.2411701279804e-68,0,0.402830395020833,0.200065321546638,"C8orf88"
"chr6:161100122-161100672","chr6",161100122,161100672,551,6,"*",1.36856183898025e-321,2.13828703544164e-305,6.1012371763357e-97,1.58957593032083e-314,0.393088269208333,0.218654616235826,NA
"chr17:77178665-77179999","chr17",77178665,77179999,1335,6,"*",2.63929868008394e-320,0,2.75685002680121e-86,0,0.366147841395833,0.266500326097456,"RBFOX3"
"chr19:48982937-48984318","chr19",48982937,48984318,1382,6,"*",1.82114869759054e-317,1.04710316666111e-298,1.46814094009792e-87,1.36152718409507e-316,0.356004836170184,0.219052889286305,"CYTH2, CTC-273B12.8"
"chr19:19322527-19323996","chr19",19322527,19323996,1470,11,"*",6.0933703064928e-313,5.13245898443615e-298,4.81636568153606e-54,3.7750798546688e-315,0.332663161750863,0.204743381901421,"NCAN"
"chr5:169063935-169064897","chr5",169063935,169064897,963,9,"*",2.90517164809381e-311,1.33362101482848e-264,1.6744903550939e-65,5.43693076687266e-308,0.34464304109375,0.216202077225629,"DOCK2"
"chr10:45914276-45914949","chr10",45914276,45914949,674,7,"*",4.83237971462982e-308,3.79371387504837e-312,2.73001927298066e-64,7.40431122510665e-311,0.339393828885417,0.271739221609792,"ALOX5"
"chr9:96108319-96109145","chr9",96108319,96109145,827,7,"*",1.64595471411433e-305,5.66552360905716e-276,3.66696249852262e-70,1.05259553231664e-291,0.341788124989583,0.222138144951428,"C9orf129"
"chr19:57682795-57683885","chr19",57682795,57683885,1091,6,"*",5.81428848424648e-299,4.16218056083041e-297,5.01223077645871e-97,9.14826893682226e-311,0.377039357708333,0.223985924212853,NA
"chr12:128850432-128850903","chr12",128850432,128850903,472,6,"*",3.26567015137356e-296,1.53334470965895e-278,5.08650065900493e-69,2.55643426853335e-290,0.309442089510417,0.229892448860353,"TMEM132C"
"chr4:190938265-190939452","chr4",190938265,190939452,1188,6,"*",4.74106976746118e-292,1.2657484904134e-313,1.45360047519683e-62,4.22466219200335e-310,0.355328091346475,0.245595675855661,"RNA5SP175"
"chr4:111535334-111537907","chr4",111535334,111537907,2574,12,"*",3.93674844452562e-277,0,1.68222301873107e-58,0,0.335316295653718,0.201572235158852,"RP11-380D23.2"
"chr6:50690647-50692762","chr6",50690647,50692762,2116,10,"*",4.65536443757536e-268,0,1.80852023388165e-58,0,0.380685160510417,0.211834063406801,"TFAP2D"
"chr12:103355012-103356060","chr12",103355012,103356060,1049,6,"*",1.11901912377593e-267,9.54984350403718e-243,5.01199913027049e-73,6.83223310411373e-260,0.256195522614583,0.22403486712224,NA
"chr10:23487775-23489850","chr10",23487775,23489850,2076,7,"*",7.98846647073441e-253,0,1.59621896130018e-93,0,0.306193868604167,0.212982863118035,NA
"chr14:29247148-29247705","chr14",29247148,29247705,558,6,"*",5.35576231587821e-244,2.38015380844496e-247,1.22867634824106e-53,1.60000646288336e-245,0.240354001476938,0.212238161982472,"C14orf23"
"chr7:6703533-6704074","chr7",6703533,6704074,542,6,"*",1.53269264148726e-241,6.28198822807129e-244,2.30712022122583e-56,4.79356238239716e-244,0.319289701208333,0.251893065146149,"AC073343.13"
"chr14:36973204-36975402","chr14",36973204,36975402,2199,10,"*",6.23948251975186e-234,0,5.22140302288034e-61,0,0.314309111208333,0.205919646595204,"RP11-896J10.3, SFTA3"
"chr19:51070961-51071324","chr19",51070961,51071324,364,6,"*",1.90745169249563e-205,1.15313469351379e-193,4.8869614148236e-59,2.79720852466999e-201,0.269569621892806,0.2213841560843,"LRRC4B"
"chr10:81001957-81003657","chr10",81001957,81003657,1701,7,"*",3.5724249972871e-196,2.65270254145415e-208,7.6035310734939e-50,6.07544863041501e-221,0.306056897721578,0.200836533822064,"ZMIZ1"
