SHAP_rank,Feature,mean_abs_SHAP,TCGA_mean_Normal,TCGA_mean_Tumor,TCGA_deltaBeta,TCGA_wilcox_p,TCGA_FDR,discovery_deltaBeta,validation_mean_deltaBeta,legacy_discovery_deltaBeta,discovery_no_cpgs,discovery_coord,chr,start,end,mean_SHAP,coordinate_key,DMR_id,tested_datasets,validated_datasets_p005,validated_datasets_FDR005,max_deltaBeta,min_p.value,fisher_p.value,meta_FDR,validated_any_p005,validated_at_least2_p005,validated_any_FDR005,n_background_datasets,n_background_pass,min_nCpG_background,max_nCpG_background,max_beta_across_background,mean_beta_across_background,background_pass_all,nCpG_GSE196696,meanBeta_GSE196696,medianBeta_GSE196696,maxSampleBeta_GSE196696,p95Beta_GSE196696,max_group_mean_beta_GSE196696,propSamples_beta_gt_0.20_GSE196696,GSE196696_pass,score_SHAP,score_discovery_delta,priority_score,priority_rank
1,DMR_7,0.00272809676882748,0.125890184249557,0.550056641631187,0.424166457381629,2.76137068646733e-27,1.24155649774465e-25,0.310872401795932,0.308741777554531,0.308741777554531,14,chr6:62995523-62997123,chr6,62995523,62997123,-0.00000252858689290062,chr6:62995523-62997123,chr6:62995523-62997123,5,4,4,0.375585767587401,5.03006733536279e-61,2.69311108015858e-158,2.60558497005342e-156,TRUE,TRUE,TRUE,2,2,13,14,0.140942019771429,0.110927882324509,TRUE,14,0.0941794816220515,0.0919239569822709,0.197961584070423,0.120607636024269,0.0941794816220515,0,TRUE,1,0.728023800324356,0.891209520129742,1
2,DMR_4,0.00235623946107487,0.107855871609922,0.498856294583547,0.391000422973625,7.77517083207492e-26,2.85089597176081e-25,0.351602984885498,0.296280657450557,0.296280657450557,10,chr19:12266489-12267897,chr19,12266489,12267897,-0.0000164937257452033,chr19:12266489-12267897,chr19:12266489-12267897,5,5,5,0.346507118055556,1.26819912050226e-46,1.82468943283349e-122,1.1033668914165e-121,TRUE,TRUE,TRUE,2,2,9,10,0.126023420288889,0.07164452908968,TRUE,10,0.0961328815290118,0.0953568915423801,0.163221439646307,0.119319473162419,0.0961328815290118,0,TRUE,0.817958036377261,1,0.890774821826357,2
6,DMR_41,0.00208788486116139,0.182605517496592,0.512370070947518,0.329764553450926,9.1788357746759e-27,1.24155649774465e-25,0.326940155642584,0.24530080087618,0.24530080087618,30,chr10:7450112-7455714,chr10,7450112,7455714,0.0000272258978604153,chr10:7450112-7455714,chr10:7450112-7455714,5,4,4,0.286934328125,1.777250398072e-51,1.76707595843326e-137,3.41929197956836e-136,TRUE,TRUE,TRUE,2,2,25,30,0.18351085336,0.148940467494963,TRUE,30,0.119670129859456,0.119881142343521,0.159360517847144,0.14067444600319,0.119670129859456,0,TRUE,0.68658560588587,0.835315331578069,0.74607749616275,3
10,DMR_14,0.00199274604094886,0.144876316288765,0.512360307594362,0.367483991305597,1.99600619039872e-26,1.3083066660535e-25,0.313156379543068,0.279911091572014,0.279911091572014,33,chr10:118030848-118034357,chr10,118030848,118034357,0.0000698960645323803,chr10:118030848-118034357,chr10:118030848-118034357,5,4,4,0.332836628663889,1.0985478855059e-49,4.38807773701399e-127,3.77374685383203e-126,TRUE,TRUE,TRUE,2,2,30,33,0.12144419848,0.0757604971613145,TRUE,33,0.0625039349048112,0.0623026569117434,0.0987523805030617,0.075855184467358,0.0625039349048112,0,TRUE,0.640010596366996,0.743274934501438,0.681316331620773,4
17,DMR_149,0.00185644510347732,0.222791382708229,0.567807782796574,0.345016400088344,3.59976137486564e-25,8.99940343716409e-25,0.306807617167045,0.257624143498579,0.257624143498579,6,chr13:25620954-25621735,chr13,25620954,25621735,-0.000014703969056818,chr13:25620954-25621735,chr13:25620954-25621735,4,3,3,0.298692738359202,2.06361592121577e-39,5.24815729412938e-81,6.4477361042161e-81,TRUE,TRUE,TRUE,2,2,6,6,0.117155430818815,0.0816295477404657,TRUE,6,0.106292138233895,0.106338879230376,0.148178665901048,0.132289799611488,0.106292138233895,0,TRUE,0.573284758838352,0.700881427394569,0.624323426260839,5
3,DMR_74,0.00220434303306743,0.23372771390047,0.523847819318809,0.290120105418339,3.05324695151435e-26,1.59931983174561e-25,0.257164538834538,0.229917327210831,0.229917327210831,24,chr20:25061762-25065553,chr20,25061762,25065553,-0.0000423597686368589,chr20:25061762-25065553,chr20:25061762-25065553,5,4,4,0.259615214263008,4.28417706081461e-48,9.66223130108186e-130,1.01061716581586e-128,TRUE,TRUE,TRUE,2,2,20,24,0.1994688080625,0.140242852624585,TRUE,24,0.141722423501727,0.141054042316893,0.175536643050017,0.16170901527621,0.141722423501727,0,TRUE,0.74359745922773,0.369392537206441,0.593915490419214,6
4,DMR_118,0.00217658253249445,0.17277923817574,0.473423321049913,0.300644082874173,8.27246480808394e-27,1.24155649774465e-25,0.257666053426922,0.216263362788925,0.216263362788925,21,chr4:110222806-110224951,chr4,110222806,110224951,0.0000590119650592375,chr4:110222806-110224951,chr4:110222806-110224951,5,4,4,0.262328849558489,2.88398501231373e-47,2.06147995972295e-134,3.32413643505326e-133,TRUE,TRUE,TRUE,2,2,21,21,0.180870691038095,0.136492894023067,TRUE,21,0.12954414875408,0.129560438724673,0.171315062205938,0.144364544617995,0.12954414875408,0,TRUE,0.730007364505648,0.372741372960118,0.587100967887436,7
15,DMR_9,0.00192468150056124,0.167072497703382,0.515687012034868,0.348614514331486,1.23702778618874e-26,1.24155649774465e-25,0.279431956463856,0.28349859276806,0.28349859276806,19,chr8:67872678-67875922,chr8,67872678,67875922,0.0000292990572383909,chr8:67872678-67875922,chr8:67872678-67875922,5,4,4,0.358205729166667,1.00135893077002e-47,9.84136579317115e-127,7.93460117074424e-126,TRUE,TRUE,TRUE,2,2,14,19,0.190975308314286,0.15279509973457,TRUE,19,0.133856811604686,0.131843696016651,0.167101608990135,0.154721970066814,0.133856811604686,0,TRUE,0.606689743644951,0.518081978015447,0.57124663739315,8
5,DMR_10,0.00210444024283181,0.14134927375189,0.515631308964705,0.374282035212814,6.54478896953289e-27,1.24155649774465e-25,0.249260958454015,0.28162433000408,0.28162433000408,12,chr20:41817011-41819775,chr20,41817011,41819775,-0.00000376870616113205,chr20:41817011-41819775,chr20:41817011-41819775,5,4,4,0.336543034347024,3.52197237035924e-50,8.00334560079636e-141,1.82193808676953e-139,TRUE,TRUE,TRUE,2,2,12,12,0.147521948970149,0.0940599409277475,TRUE,12,0.125242304300149,0.123878585846389,0.153741465370043,0.143271538933148,0.125242304300149,0,TRUE,0.69469025819463,0.316616819485957,0.543460882711161,9
14,DMR_29,0.00193753107604973,0.18221634572301,0.508490905515066,0.326274559792056,7.78320599101389e-28,8.56152659011528e-26,0.266965176569635,0.256518535374298,0.256518535374298,19,chr6:390933-394966,chr6,390933,394966,-0.0000539849901937653,chr6:390933-394966,chr6:390933-394966,5,4,4,0.302562387287509,4.90175484093691e-48,6.81514729105954e-138,1.38813789560002e-136,TRUE,TRUE,TRUE,2,2,16,19,0.1797972931375,0.102608652690574,TRUE,19,0.103940865818353,0.102657060357467,0.140132924191723,0.121846950856186,0.103940865818353,0,TRUE,0.612980226324396,0.434835749736148,0.541722435689097,10
38,DMR_1,0.00160937672838305,0.0510824944454236,0.426103409960914,0.37502091551549,0.00000000000000000687530163377643,0.00000000000000000741454097760203,0.300586679959902,0.328616435696098,0.328616435696098,16,chr19:37997105-37998171,chr19,37997105,37998171,0.0000790020015496224,chr19:37997105-37998171,chr19:37997105-37998171,5,5,5,0.393974839015152,5.53965173110765e-42,5.16450517022829e-109,1.46960551535173e-108,TRUE,TRUE,TRUE,2,2,13,15,0.0813011073692308,0.0463720972852149,TRUE,16,0.0435702469880576,0.0436864128075732,0.085408673563685,0.0588640024146039,0.0435702469880576,0,TRUE,0.452332954978247,0.65934146573237,0.535136359279896,11
11,DMR_85,0.00197372694188075,0.249015153951332,0.55324228339166,0.304227129440328,2.86973258842828e-25,7.79693673641071e-25,0.259281117223355,0.225733709787745,0.225733709787745,11,chr5:170742118-170745466,chr5,170742118,170745466,-0.0000424813257894578,chr5:170742118-170745466,chr5:170742118-170745466,5,4,4,0.267904503505886,9.33693241040896e-45,3.74976246196005e-120,1.93487743037139e-119,TRUE,TRUE,TRUE,2,2,10,11,0.194017408366667,0.141948483913112,TRUE,11,0.122810736932337,0.121299667301606,0.170021276419351,0.145296953835636,0.122810736932337,0,TRUE,0.630699836383229,0.383525871493362,0.531830250427282,12
16,DMR_65,0.0018803165299165,0.198791239755891,0.484038297166231,0.28524705741034,1.09651445542072e-25,3.54754676753761e-25,0.259343599930668,0.232545086582901,0.232545086582901,12,chr20:53091600-53093152,chr20,53091600,53093152,-0.0000107811605187018,chr20:53091600-53093152,chr20:53091600-53093152,5,4,4,0.266310727423082,1.0621098733085e-42,1.19820634973111e-124,8.28046173832038e-124,TRUE,TRUE,TRUE,2,2,12,12,0.159005033479167,0.0908397690012752,TRUE,12,0.0780160268665807,0.0774998046725838,0.110577692079712,0.0939677204227555,0.0780160268665807,0,TRUE,0.58497096549038,0.383943096290833,0.504559817810561,13
31,DMR_37,0.00162903778035393,0.207475260471058,0.574112982971555,0.366637722500497,2.97572887119713e-26,1.59931983174561e-25,0.285465449232691,0.247687414274809,0.247687414274809,20,chr8:85094437-85097429,chr8,85094437,85097429,-0.0000677156006070753,chr8:85094437-85097429,chr8:85094437-85097429,5,4,4,0.2821331945487,5.43369065723178e-42,3.03032968004609e-116,1.22160165226858e-115,TRUE,TRUE,TRUE,2,2,19,20,0.198857954171053,0.134380101917459,TRUE,20,0.094951239906222,0.094409134493507,0.166160769249609,0.115831987118881,0.094951239906222,0,TRUE,0.461957981656622,0.558370289882473,0.500522904946963,14
13,DMR_112,0.00194423698650258,0.200905829204771,0.496039707521404,0.295133878316633,0.0000000000000000000000027107383134534,0.0000000000000000000000049696869079979,0.249824085941954,0.218079085956795,0.218079085956795,14,chr7:84814140-84816843,chr7,84814140,84816843,0.000097730263225043,chr7:84814140-84816843,chr7:84814140-84816843,5,4,4,0.271189605654762,3.36073751143185e-41,3.83237647862048e-112,1.24632747666061e-111,TRUE,TRUE,TRUE,2,2,14,14,0.186861822,0.139654719711738,TRUE,14,0.120689423040543,0.119942197729489,0.188169228988248,0.139738337380348,0.120689423040543,0,TRUE,0.616263090695393,0.320377071917545,0.497908683184254,15
7,DMR_119,0.00204952604817251,0.2452046834826,0.579097813756131,0.333893130273532,5.10047046002872e-26,2.15789134847369e-25,0.237480192808549,0.215954124079686,0.215954124079686,26,chr11:105479843-105481988,chr11,105479843,105481988,-0.0000197726909584571,chr11:105479843-105481988,chr11:105479843-105481988,5,4,4,0.253789389682195,1.66046650328341e-45,1.82095170718518e-117,7.91807090652433e-117,TRUE,TRUE,TRUE,2,2,18,26,0.163215319219539,0.112505437236708,TRUE,26,0.0785463671660746,0.0774657904394127,0.131434832279579,0.0986558761810548,0.0785463671660746,0,TRUE,0.667807129590926,0.237951413138165,0.495864843009822,16
36,DMR_36,0.00161696892125743,0.123451561186329,0.455279265624652,0.331827704438323,1.99600619039872e-26,1.3083066660535e-25,0.282407600875827,0.248245452795993,0.248245452795993,26,chr4:96468962-96471143,chr4,96468962,96471143,0.000041450982492689,chr4:96468962-96471143,chr4:96468962-96471143,5,4,4,0.29366468937603,3.66923665187145e-46,8.956722514467e-131,1.05037927669658e-129,TRUE,TRUE,TRUE,2,2,22,26,0.114576656439394,0.068794853219775,TRUE,26,0.0621181299968624,0.0605513297781008,0.111899776244851,0.0818098164356728,0.0621181299968624,0,TRUE,0.456049697046348,0.537951677817542,0.488810489354826,17
20,DMR_31,0.0017553052365274,0.115136634969228,0.445205284496156,0.330068649526927,4.54523402723533e-26,2.08323226248286e-25,0.266449358141243,0.254343583460023,0.254343583460023,19,chr1:108505752-108508626,chr1,108505752,108508626,0.000030899344880597,chr1:108505752-108508626,chr1:108505752-108508626,5,4,4,0.322285104166667,8.78282714934847e-44,2.76706431292429e-113,9.82434760643761e-113,TRUE,TRUE,TRUE,2,2,11,17,0.133394064340909,0.07839427469483,TRUE,19,0.0498557650196356,0.0496290964027157,0.0976252417042029,0.0650314656911771,0.0498557650196356,0,TRUE,0.523771949499252,0.431391400914325,0.486819730065282,18
8,DMR_132,0.002035589743481,0.216609881001092,0.501068200263004,0.284458319261912,4.7841930277146e-26,2.10504493219443e-25,0.23556635234499,0.209272059707741,0.209272059707741,18,chr1:77331940-77334748,chr1,77331940,77334748,0.0000326013519159923,chr1:77331940-77334748,chr1:77331940-77334748,5,4,4,0.254278677962795,7.93478110698688e-44,3.19861808736078e-115,1.23786519980862e-114,TRUE,TRUE,TRUE,2,2,16,17,0.184467993460001,0.140515152249802,TRUE,18,0.166856875733443,0.166440462138465,0.209910052753342,0.190737658845362,0.166856875733443,0.012280701754386,TRUE,0.660984640913697,0.225171850053599,0.486659524569658,19
18,DMR_53,0.00177901803209054,0.164183905607491,0.480570264996878,0.316386359389386,2.68469003672166e-26,1.55429423178622e-25,0.259034709003954,0.237718135017608,0.237718135017608,9,chr3:13323567-13325360,chr3,13323567,13325360,0.0000146976731571354,chr3:13323567-13325360,chr3:13323567-13325360,5,4,4,0.284999594907407,4.62609696858455e-39,3.6581545166409e-106,9.07503716628223e-106,TRUE,TRUE,TRUE,2,2,9,10,0.188109706340154,0.120047609865974,TRUE,9,0.109774798672463,0.108907575183974,0.195260220908166,0.135446113142026,0.109774798672463,0,TRUE,0.53538049873925,0.381880494334528,0.473980496977361,20
34,DMR_11,0.00161921495186701,0.215311038631939,0.565618006234734,0.350306967602795,0.000000000000000000000357826540491474,0.000000000000000000000447283175614342,0.275103969029897,0.280700128615106,0.280700128615106,11,chr2:144693520-144695257,chr2,144693520,144695257,0.000046742441652956,chr2:144693520-144695257,chr2:144693520-144695257,5,4,4,0.335239483687045,3.84357043448618e-48,6.42157395729236e-118,2.88970828078156e-117,TRUE,TRUE,TRUE,2,2,7,11,0.198635761244293,0.180860885880216,TRUE,11,0.199109834467906,0.198806521168572,0.261773231995732,0.209577762013085,0.199109834467906,0.42280701754386,TRUE,0.457149236611659,0.489182083016555,0.469962375173617,21
12,DMR_158,0.00196110328787119,0.0977967946794541,0.375100405858248,0.277303611178794,5.05293729818944e-25,0.00000000000000000000000115796479750175,0.236659048817713,0.221541379316953,0.221541379316953,26,chr11:110581434-110584727,chr11,110581434,110584727,-0.00000602596027390097,chr11:110581434-110584727,chr11:110581434-110584727,5,3,3,0.302510775462963,1.5606743032043e-37,5.25858190486414e-97,9.29256254421198e-97,TRUE,TRUE,TRUE,2,2,22,25,0.154070708420455,0.114044238327589,TRUE,26,0.132514750409605,0.131847679539985,0.180160008865349,0.149674658262717,0.132514750409605,0,TRUE,0.624519953089061,0.232468269881341,0.467699279805973,22
21,DMR_18,0.00172642161693491,0.100864924149745,0.429607948313704,0.328743024163959,7.02076456024167e-26,2.75815750580923e-25,0.260910206538505,0.271078119697676,0.271078119697676,11,chr1:49242359-49243472,chr1,49242359,49243472,-0.00000781615291823304,chr1:49242359-49243472,chr1:49242359-49243472,5,4,4,0.358627482638889,9.7619118260207e-43,1.43569991310427e-106,3.67957527398247e-106,TRUE,TRUE,TRUE,2,2,9,11,0.149458038777778,0.0865886328280608,TRUE,11,0.0893899084507391,0.0884889376651967,0.133327983473612,0.110908628476349,0.0893899084507391,0,TRUE,0.509632034221194,0.394404024646543,0.463540830391334,23
23,DMR_201,0.00167784702166346,0.244071729447342,0.519833313314419,0.275761583867076,0.00000000000000000000000947927847783273,0.0000000000000000000000142838442816658,0.258686829422438,0.200572050859919,0.200572050859919,14,chr4:107955762-107958805,chr4,107955762,107958805,0.0000274033680788374,chr4:107955762-107958805,chr4:107955762-107958805,5,3,3,0.229321878725375,5.23217099475208e-36,9.4812473259723e-99,1.73897759011909e-98,TRUE,TRUE,TRUE,2,2,13,14,0.167419218784615,0.106586042589858,TRUE,14,0.0909007453365559,0.0904843909409994,0.130908183992534,0.109823322614872,0.0909007453365559,0,TRUE,0.485852443176346,0.379557547807654,0.443334485028869,24
9,DMR_38,0.00203016967482787,0.135087421122282,0.480513755124478,0.345426334002195,0.000000000000000000000067947074339214,0.0000000000000000000000911485143574822,0.219046187445386,0.247381171454541,0.247381171454541,14,chr13:36870809-36873065,chr13,36870809,36873065,0.0000028164595692757,chr13:36870809-36873065,chr13:36870809-36873065,5,4,4,0.299074422348485,3.19489125197818e-45,9.33112639471435e-114,3.34365362477264e-113,TRUE,TRUE,TRUE,2,2,12,15,0.15743604452,0.120366845354139,TRUE,14,0.157043303481731,0.150910502169346,0.3793246121832,0.212882238781444,0.157043303481731,0.0754385964912281,TRUE,0.658331257693804,0.114859369195444,0.440942502294459,25
56,DMR_62,0.00140225688490146,0.181052053575047,0.51121292223991,0.330160868664863,0.00000000000000000000000392344768663428,0.00000000000000000000000644148127656374,0.285271166727552,0.23374181107386,0.23374181107386,13,chr1:57887655-57890636,chr1,57887655,57890636,-0.00000159569249661152,chr1:57887655-57890636,chr1:57887655-57890636,5,4,4,0.27943530448718,9.79157473176551e-37,8.52391226492271e-101,1.65766535001261e-100,TRUE,TRUE,TRUE,2,2,13,15,0.117998436546667,0.077176248287229,TRUE,13,0.0697446911715193,0.0693509435794836,0.110146719649722,0.0878020340738672,0.0697446911715193,0,TRUE,0.350937870824871,0.557072979276951,0.433391914205703,26
44,DMR_165,0.00158526575919692,0.140171708402023,0.483267769167346,0.343096060765323,1.33700130767443e-26,1.24155649774465e-25,0.263230512322261,0.216554163993254,0.216554163993254,6,chr6:166421992-166422741,chr6,166421992,166422741,0.0000427738570833329,chr6:166421992-166422741,chr6:166421992-166422741,4,3,3,0.266853014064406,8.91714429576217e-31,2.25856750552769e-71,2.49733035611204e-71,TRUE,TRUE,TRUE,2,2,6,6,0.179162232888889,0.0950565504549515,TRUE,6,0.105454365244023,0.10445161501471,0.212237497062912,0.139108387929,0.105454365244023,0.00175438596491228,TRUE,0.4405294806778,0.409897737264496,0.428276783312479,27
27,DMR_45,0.00165939313605389,0.0789837486342374,0.400041180565431,0.321057431931194,0.00000000000000000000000310478882123383,0.00000000000000000000000542105984659874,0.254825887961054,0.243488112534949,0.243488112534949,15,chr6:118227732-118229732,chr6,118227732,118229732,-0.0000751031123932308,chr6:118227732-118229732,chr6:118227732-118229732,5,4,4,0.310018325892857,1.82125346805031e-38,9.07218209822585e-105,2.06525557177259e-104,TRUE,TRUE,TRUE,2,2,14,14,0.135027299771429,0.0786305469285807,TRUE,15,0.0877672555559651,0.0865937503126775,0.158718675333972,0.107278178117455,0.0877672555559651,0,TRUE,0.476818382253518,0.353776326273746,0.427601559861609,28
26,DMR_129,0.00166847629009933,0.298284382613013,0.553167436119467,0.254883053506455,0.00000000000000000000000187045456489864,0.0000000000000000000000036741071810509,0.250858712127604,0.210648575898814,0.210648575898814,7,chr9:37026418-37027815,chr9,37026418,37027815,0.000108482787324391,chr9:37026418-37027815,chr9:37026418-37027815,5,4,4,0.253203055555556,9.12352735469846e-41,6.00451337293826e-109,1.69387971307005e-108,TRUE,TRUE,TRUE,2,2,7,7,0.164057453057143,0.0905972446163212,TRUE,7,0.0772538990290923,0.0752252205449024,0.128389379380452,0.104116407029258,0.0772538990290923,0,TRUE,0.481265021229937,0.327285730638173,0.419673304993232,29
32,DMR_79,0.00162552791059484,0.201737492985211,0.492575292963233,0.290837799978022,0.00000000000000000000000254841267515269,0.00000000000000000000000475127786892874,0.252774131877759,0.227628368606073,0.227628368606073,13,chr11:91956670-91960644,chr11,91956670,91960644,0.0000660585863122388,chr11:91956670-91960644,chr11:91956670-91960644,5,4,4,0.268187016369048,2.1016587343798e-41,2.12638634221736e-115,8.39705626977672e-115,TRUE,TRUE,TRUE,2,2,13,14,0.195949460285714,0.136042884320762,TRUE,13,0.102745455647014,0.101476376838392,0.161591367563964,0.127501361194338,0.102745455647014,0,TRUE,0.460239732291385,0.340075839321009,0.412174175103234,30
19,DMR_27,0.00177297055255495,0.175091831328598,0.535455683983999,0.360363852655401,0.00000000000000000000000147775288121928,0.00000000000000000000000306703428177587,0.233642303412195,0.256758114280143,0.256758114280143,19,chr2:115918326-115921258,chr2,115918326,115921258,-0.00000442424091228765,chr2:115918326-115921258,chr2:115918326-115921258,5,4,4,0.311810226444604,1.26451182709419e-41,9.72207188021853e-119,4.64498989832663e-118,TRUE,TRUE,TRUE,2,2,13,19,0.184220785292231,0.130181874816369,TRUE,19,0.146191097926122,0.14421269888854,0.213716905941795,0.174021076636239,0.146191097926122,0.00701754385964912,TRUE,0.532419967840232,0.212324120484375,0.404381628897889,31
28,DMR_50,0.00165193246843031,0.168055112478752,0.477600680720947,0.309545568242195,1.77704610511428e-26,1.3083066660535e-25,0.246305425184544,0.24034356396521,0.24034356396521,14,chr1:242686709-242688681,chr1,242686709,242688681,-0.00000277807977468859,chr1:242686709-242688681,chr1:242686709-242688681,5,4,4,0.297866440972222,2.9284741942927e-41,1.17742578927762e-109,3.45199833674576e-109,TRUE,TRUE,TRUE,2,2,12,14,0.147390381416667,0.0910010323010715,TRUE,14,0.0857030152190468,0.0844888204704516,0.135958512133338,0.107411564064449,0.0857030152190468,0,TRUE,0.473166028095571,0.296881410717612,0.402652181144387,32
37,DMR_94,0.00161425389901996,0.203671968991982,0.470182463897924,0.266510494905942,8.39320696688952e-26,2.9221653839558e-25,0.250050045184107,0.222955823606649,0.222955823606649,22,chr20:61806628-61810902,chr20,61806628,61810902,0.0000430980973218596,chr20:61806628-61810902,chr20:61806628-61810902,5,4,4,0.288505597587719,1.53594479236434e-48,6.32341296143516e-127,5.31991481755523e-126,TRUE,TRUE,TRUE,2,2,21,23,0.125774106498024,0.0871603107946906,TRUE,22,0.0830202529638706,0.0828823286339271,0.112869726400993,0.0974422786861142,0.0830202529638706,0,TRUE,0.454720563615097,0.321885902169919,0.401586699037026,33
25,DMR_16,0.00166885790432956,0.131865725770508,0.507753909286381,0.375888183515873,6.9851671845714e-27,1.24155649774465e-25,0.242536262339372,0.27656595406094,0.27656595406094,20,chr7:49812430-49816819,chr7,49812430,49816819,0.000044163544126065,chr7:49812430-49816819,chr7:49812430-49816819,5,4,4,0.339973548177083,2.22271148521649e-43,5.95667978749369e-115,2.26003438996084e-114,TRUE,TRUE,TRUE,2,2,19,19,0.169363393355263,0.134698678155901,TRUE,20,0.114706239211144,0.114157237456307,0.159021719307434,0.133732138912069,0.114706239211144,0,TRUE,0.481451839674461,0.271713035780914,0.397556318117042,34
61,DMR_98,0.00135523701923586,0.290835742731837,0.572100652791698,0.281264910059862,2.62728828404412e-25,7.41030028832957e-25,0.274467353173212,0.222115279684786,0.222115279684786,10,chr13:102568345-102570482,chr13,102568345,102570482,0.0000488682116967257,chr13:102568345-102570482,chr13:102568345-102570482,5,4,4,0.249224548408198,1.36923111391715e-45,1.0055753217959e-118,4.74582499432941e-118,TRUE,TRUE,TRUE,2,2,10,10,0.17421774298,0.115577419000427,TRUE,10,0.10213750820562,0.101829764337145,0.154916643878115,0.123400559788133,0.10213750820562,0,TRUE,0.327919394391597,0.484931116096349,0.390724083073498,35
84,DMR_44,0.00117568827312581,0.2125153583958,0.539090462335678,0.326575103939877,4.37381466677167e-26,2.08323226248286e-25,0.292464774810303,0.244058803463961,0.244058803463961,7,chr18:44336399-44338147,chr18,44336399,44338147,0.0000245624660963045,chr18:44336399-44338147,chr18:44336399-44338147,5,4,4,0.290604166666667,8.05624983509548e-40,9.46139235574325e-104,2.0455635986998e-103,TRUE,TRUE,TRUE,2,2,7,8,0.198313855425,0.123892941420087,TRUE,7,0.105373197316766,0.103850659254397,0.226489839580331,0.126804569992402,0.105373197316766,0.00175438596491228,TRUE,0.240021683021032,0.605107896528205,0.386056168423901,36
22,DMR_186,0.00168411991333297,0.312046773711508,0.581579295141801,0.269532521430293,0.00000000000000000000000159200957001917,0.00000000000000000000000318401914003834,0.23545097902884,0.206970308282804,0.206970308282804,10,chr14:63511872-63513359,chr14,63511872,63513359,-0.00000741045639744697,chr14:63511872-63513359,chr14:63511872-63513359,4,3,3,0.261217486869284,1.60305870419678e-38,1.73838557958866e-76,1.99040005710299e-76,TRUE,TRUE,TRUE,2,2,6,10,0.175441723746388,0.11538632304537,TRUE,10,0.0955317017805938,0.0944399209431151,0.133764178535607,0.118982339193259,0.0955317017805938,0,TRUE,0.488923324111861,0.2244014511619,0.383114574931877,37
30,DMR_230,0.00163051234225214,0.278517173514756,0.520253409290183,0.241736235775427,5.57835616717078e-26,2.27266362366217e-25,0.237946117152535,0.185945306180995,0.185945306180995,25,chr20:37351841-37358077,chr20,37351841,37358077,-0.000114563982567381,chr20:37351841-37358077,chr20:37351841-37358077,5,3,3,0.215106563481078,4.19251860683686e-46,5.39553309760559e-119,2.64312823895363e-118,TRUE,TRUE,TRUE,2,2,23,24,0.163048275108412,0.112208154778743,TRUE,25,0.0897964397863531,0.0893974370622164,0.124601364647302,0.106969634384205,0.0897964397863531,0,TRUE,0.462679850335377,0.241062596990726,0.374032948997517,38
42,DMR_133,0.00158857582986503,0.184994020898825,0.453796862422973,0.268802841524148,0.00000000000000000000000392344768663428,0.00000000000000000000000644148127656374,0.242355186179343,0.208650000681814,0.208650000681814,21,chr18:25754301-25758434,chr18,25754301,25758434,0.0000615760746796151,chr18:25754301-25758434,chr18:25754301-25758434,5,4,4,0.260430904947917,8.41069683888068e-37,1.22568757653766e-105,2.98327730893127e-105,TRUE,TRUE,TRUE,2,2,17,21,0.182767322529412,0.134495054789491,TRUE,21,0.106979536874958,0.106510585880787,0.154814342013345,0.122507808262142,0.106979536874958,0,TRUE,0.44214991881789,0.270503909809202,0.373491515214415,39
47,DMR_57,0.0015109009978891,0.151211844705535,0.473706534661998,0.322494689956463,6.63060451626553e-27,1.24155649774465e-25,0.25085002785088,0.235291611390796,0.235291611390796,12,chr2:105459097-105462246,chr2,105459097,105462246,0.0000424197559795772,chr2:105459097-105462246,chr2:105459097-105462246,5,4,4,0.274430529513889,4.03418469180287e-45,7.04834979514818e-122,4.01134025106227e-121,TRUE,TRUE,TRUE,2,2,11,14,0.115543935,0.0808098140141291,TRUE,12,0.0632882011134858,0.062725250196298,0.105150649061829,0.0798412129398942,0.0632882011134858,0,TRUE,0.404124368042988,0.327227741864108,0.373365717571436,40
50,DMR_152,0.00148991307448967,0.178144376180012,0.510266172384632,0.332121796204619,0.00000000000000000000000625554943030012,0.00000000000000000000000969169630046497,0.252918888333978,0.2307180498623,0.2307180498623,12,chr19:13616871-13617970,chr19,13616871,13617970,0.0000292736223515028,chr19:13616871-13617970,chr19:13616871-13617970,5,3,3,0.304241273148148,7.02209201218594e-39,6.43128586186695e-102,1.30309299923692e-101,TRUE,TRUE,TRUE,2,2,9,10,0.1348028212,0.0920233754380279,TRUE,12,0.0914341571787824,0.0901403298638348,0.150436227471239,0.124523604796414,0.0914341571787824,0,TRUE,0.393849774244933,0.341042442493726,0.37272684154445,41
59,DMR_102,0.00137296835589377,0.0813977243454328,0.347714313592708,0.266316589247276,2.02192848390086e-26,1.3083066660535e-25,0.265471117767985,0.221284198966765,0.221284198966765,12,chr11:65600773-65601427,chr11,65600773,65601427,-0.00000797968306947721,chr11:65600773-65601427,chr11:65600773-65601427,5,4,4,0.31066909375,9.8583786283235e-36,1.07182109833044e-89,1.50287958352855e-89,TRUE,TRUE,TRUE,2,2,12,12,0.0995949747833333,0.0503984426689399,TRUE,12,0.0423845080578824,0.0412259617836337,0.110319124362788,0.0548568243634331,0.0423845080578824,0,TRUE,0.336599732993439,0.424859255314962,0.371903541922048,42
24,DMR_209,0.00167113688015961,0.268397013102271,0.541185126205114,0.272788113102843,0.00000000000000000000000533404758865158,0.00000000000000000000000850355412683586,0.23135338511522,0.196432200312338,0.196432200312338,25,chr10:26503187-26507383,chr10,26503187,26507383,0.0000536637689370695,chr10:26503187-26507383,chr10:26503187-26507383,5,3,3,0.228742335426047,2.91422987564007e-38,2.61446194337335e-108,7.12532938088371e-108,TRUE,TRUE,TRUE,2,2,20,24,0.17341999047,0.110244729941087,TRUE,25,0.0998521412629462,0.0990772026282733,0.134307682702421,0.118694940938953,0.0998521412629462,0,TRUE,0.482567507503225,0.197039996060956,0.368356502926318,43
39,DMR_15,0.00160673960277304,0.132229724351077,0.466821755179126,0.33459203082805,0.0000000000000000000590107137066562,0.0000000000000000000697976183627116,0.2374576153474,0.277553432842743,0.277553432842743,15,chr19:37406260-37408110,chr19,37406260,37408110,-0.00000231327927970555,chr19:37406260-37408110,chr19:37406260-37408110,5,4,4,0.316020339416681,2.44975705293434e-41,5.62006166597548e-118,2.55878101733237e-117,TRUE,TRUE,TRUE,2,2,14,14,0.193301572454863,0.139130782522664,TRUE,15,0.187846682404014,0.188308817342814,0.208690414970753,0.200183933348669,0.187846682404014,0.0543859649122807,TRUE,0.451041955677286,0.237800653399024,0.365745434765981,44
41,DMR_187,0.00159059640699723,0.239270712902009,0.518920897930966,0.279650185028957,0.0000000000000000000000230096652179302,0.0000000000000000000000328709503113288,0.237153968401318,0.206396682040259,0.206396682040259,11,chr14:97684259-97686001,chr14,97684259,97686001,-0.0000338434120445571,chr14:97684259-97686001,chr14:97684259-97686001,5,3,3,0.26059,3.70508500092795e-41,9.36102295402436e-102,1.86737932124094e-101,TRUE,TRUE,TRUE,2,2,11,12,0.193498092366667,0.158436300983463,TRUE,11,0.168493731569829,0.168274634543573,0.203068215569647,0.184814562027994,0.168493731569829,0.00350877192982456,TRUE,0.4431390881071,0.235773067831273,0.360192679996769,45
92,DMR_48,0.00108029700528802,0.145477542081614,0.468041256867253,0.322563714785639,2.90613096538945e-25,7.79693673641071e-25,0.288693013410858,0.240957848798526,0.240957848798526,12,chr8:16884197-16885270,chr8,16884197,16885270,-0.0000768547884931871,chr8:16884197-16885270,chr8:16884197-16885270,5,4,4,0.292419830729167,1.01929008198215e-40,1.50021007978681e-109,4.36527293892854e-109,TRUE,TRUE,TRUE,2,2,8,11,0.0900286558333333,0.0513803407737594,TRUE,12,0.0429870184502428,0.042254916464029,0.0846982407254404,0.059999528692303,0.0429870184502428,0,TRUE,0.193323088297684,0.579922169890102,0.347962720934652,46
49,DMR_195,0.00149603890922739,0.157892446543003,0.403538987885454,0.24564654134245,0.00000000000000000000718328686479588,0.00000000000000000000868309401239062,0.240531554197863,0.202462897873407,0.202462897873407,16,chr2:185462269-185463803,chr2,185462269,185463803,-0.0000262843574070649,chr2:185462269-185463803,chr2:185462269-185463803,5,3,3,0.264644844789357,1.66404084257876e-27,4.71278088406473e-78,5.52680667313046e-78,TRUE,TRUE,TRUE,2,2,14,14,0.170365082614286,0.0833336726422452,TRUE,16,0.0597166285179293,0.0568232951365248,0.144060335353056,0.0904785536308133,0.0597166285179293,0,TRUE,0.396848663768505,0.258326708838638,0.341439881796558,47
65,DMR_183,0.00131614525893411,0.0885026303703735,0.364981728865698,0.276479098495324,0.00000000000000000193043672006843,0.00000000000000000212348039207528,0.258811418226203,0.208541737670221,0.208541737670221,13,chr4:82135607-82136940,chr4,82135607,82136940,0.0000650205463826049,chr4:82135607-82136940,chr4:82135607-82136940,5,3,3,0.283261785714286,3.87270276921303e-33,4.6745193156831e-85,6.07060058781664e-85,TRUE,TRUE,TRUE,2,2,8,13,0.16428120275,0.0816146221615675,TRUE,13,0.0471927047257079,0.0465772196741602,0.0956058931770779,0.0647371086672353,0.0471927047257079,0,TRUE,0.308782105279788,0.380389482604552,0.337425056209693,48
58,DMR_142,0.00138565197233176,0.283593293901703,0.559113177744718,0.275519883843015,7.48328932444732e-26,2.83848905410071e-25,0.249980833801557,0.203485448156812,0.203485448156812,8,chr8:55379034-55380663,chr8,55379034,55380663,0.0000303806399709487,chr8:55379034-55380663,chr8:55379034-55380663,5,4,4,0.23046638313855,2.22016776931974e-46,5.51631682263329e-116,2.2008398044939e-115,TRUE,TRUE,TRUE,2,2,8,9,0.170193313666667,0.124667187156106,TRUE,8,0.0910140206392232,0.0905304803697729,0.14658865083374,0.116193682136932,0.0910140206392232,0,TRUE,0.342808970768444,0.321423747018375,0.334254881268416,49
45,DMR_122,0.00155817414455688,0.213237947413182,0.531665641936077,0.318427694522895,5.51633947177595e-25,0.00000000000000000000000121359468379071,0.23087618759036,0.214340487860359,0.214340487860359,21,chr2:154727485-154730326,chr2,154727485,154730326,0.0000630552881204442,chr2:154727485-154730326,chr2:154727485-154730326,5,4,4,0.255914901942477,1.24965036013199e-40,1.96217112345035e-105,4.71652313525022e-105,TRUE,TRUE,TRUE,2,2,17,21,0.189869560171232,0.142373602824273,TRUE,21,0.15278377591532,0.151857741529699,0.233586094724323,0.17584948418436,0.15278377591532,0.00526315789473684,TRUE,0.427266837658655,0.193853536171083,0.333901517063626,50
62,DMR_26,0.00135175281840979,0.0984230798508448,0.427199422406725,0.32877634255588,1.04213464340224e-25,3.47378214467415e-25,0.251038387789027,0.25819910012105,0.25819910012105,10,chr7:98466938-98468586,chr7,98466938,98468586,0.0000107923435267616,chr7:98466938-98468586,chr7:98466938-98468586,5,4,4,0.337137795138889,8.63978304696934e-43,2.13338182424282e-117,9.17354184424411e-117,TRUE,TRUE,TRUE,2,2,6,10,0.143617014136855,0.111358028351747,TRUE,10,0.135817573931142,0.135734206975868,0.160954716338305,0.148524336356282,0.135817573931142,0,TRUE,0.326213711198583,0.328485504858458,0.327122428662533,51
35,DMR_223,0.00161786219136498,0.273738599751443,0.525026003036436,0.251287403284993,4.34656842793353e-25,0.00000000000000000000000103939679798411,0.218354052967268,0.189500608967548,0.189500608967548,16,chr10:50816058-50818911,chr10,50816058,50818911,0.0000802945819602636,chr10:50816058-50818911,chr10:50816058-50818911,5,3,3,0.212896394586105,3.7595613330065e-39,4.10972035510914e-111,1.25233210821042e-110,TRUE,TRUE,TRUE,2,2,15,16,0.182253505721591,0.135282449113775,TRUE,16,0.127987181696283,0.127607612543027,0.166401375072413,0.147564649407639,0.127987181696283,0,TRUE,0.456486995550459,0.110237679773294,0.317987269239593,52
96,DMR_35,0.00106671993669597,0.138299915679037,0.438877385840576,0.300577470161539,0.0000000000000000313620507622354,0.0000000000000000331713998446721,0.278593109935573,0.248791049262963,0.248791049262963,6,chr19:36909326-36910116,chr19,36909326,36910116,-0.0000227740270947496,chr19:36909326-36910116,chr19:36909326-36910116,5,4,4,0.293751805555556,4.83252791930037e-44,2.80835473042795e-105,6.62703219924156e-105,TRUE,TRUE,TRUE,2,2,6,7,0.1945418632,0.0992408370619039,TRUE,6,0.100128022784842,0.0990105229267181,0.164394708284806,0.12646568701562,0.100128022784842,0,TRUE,0.186676462898079,0.512480627050944,0.316998128559225,53
43,DMR_213,0.00158593851576312,0.18525685463387,0.461388921364193,0.276132066730323,0.00000000000000000000000209097148949687,0.00000000000000000000000396563558352855,0.219941326039742,0.195062399161886,0.195062399161886,8,chr14:57282784-57284528,chr14,57282784,57284528,0.000052113903980073,chr14:57282784-57284528,chr14:57282784-57284528,5,3,3,0.257042217261905,1.27551427093239e-36,3.49657836091814e-94,5.56862479701777e-94,TRUE,TRUE,TRUE,2,2,7,8,0.1601483685,0.111227080343946,TRUE,8,0.105488815593402,0.102818978279939,0.198286726118597,0.14023504238585,0.105488815593402,0,TRUE,0.440858827241114,0.120836607295389,0.312849939262824,54
29,DMR_120,0.00163963670600523,0.271956073059884,0.547989274094211,0.276033201034327,1.35442527026689e-26,1.24155649774465e-25,0.21400589064631,0.21490479323329,0.21490479323329,25,chr11:20689672-20693928,chr11,20689672,20693928,-0.0000700746189492012,chr11:20689672-20693928,chr11:20689672-20693928,5,4,4,0.257266907730945,8.17225751718199e-48,7.24746190951148e-130,7.94258532676854e-129,TRUE,TRUE,TRUE,2,2,20,23,0.189823371004592,0.124934751733274,TRUE,25,0.1005761725936,0.0999278614896922,0.141140432079857,0.120779403496979,0.1005761725936,0,TRUE,0.467146663437583,0.0812030680903121,0.312769225298675,55
80,DMR_163,0.00119483081325467,0.138244963123725,0.384704900974976,0.246459937851251,0.0000000000000572877782028489,0.000000000000057813354149664,0.26204505335035,0.217962076988089,0.217962076988089,12,chr13:96296144-96297326,chr13,96296144,96297326,0.00000117138006660724,chr13:96296144-96297326,chr13:96296144-96297326,5,3,3,0.27082561395552,1.55076059754111e-26,6.9999679213149e-72,7.76214207893658e-72,TRUE,TRUE,TRUE,2,2,12,12,0.13444570815,0.0835300759820128,TRUE,12,0.0976809675991312,0.0977006707060652,0.142691228492717,0.1195084560156,0.0976809675991312,0,TRUE,0.249392873316701,0.401981901015779,0.310428484396333,56
75,DMR_145,0.00123275175690077,0.310841314248245,0.597250120151156,0.286408805902911,0.0000000000000000000000134949444338305,0.0000000000000000000000195321564173862,0.253993269436092,0.202117306136216,0.202117306136216,7,chr19:53757677-53758609,chr19,53757677,53758609,-0.0000162223266435993,chr19:53757677-53758609,chr19:53757677-53758609,5,4,4,0.230506297416159,2.6760012869633e-38,2.17961796892933e-96,3.71591257257995e-96,TRUE,TRUE,TRUE,2,2,7,7,0.159091902646728,0.0901971168468831,TRUE,7,0.088637779983212,0.0856421583352052,0.16372000579115,0.122652005958619,0.088637779983212,0,TRUE,0.267956991594985,0.348216562454487,0.300060819938786,57
88,DMR_116,0.00112312758443196,0.264392957196208,0.54157324580596,0.277180288609752,0.000000000000000000000129392312732256,0.00000000000000000000016944231429224,0.265748866266515,0.216312237285097,0.216312237285097,14,chr17:6616351-6617470,chr17,6616351,6617470,-0.0000163412673116477,chr17:6616351-6617470,chr17:6616351-6617470,5,4,4,0.24544865808793,1.10227478564103e-38,1.41494331865143e-100,2.72429385232888e-100,TRUE,TRUE,TRUE,2,2,11,14,0.167844482548262,0.119679868279337,TRUE,14,0.113036673480496,0.112913341961479,0.149232219844997,0.131312381642043,0.113036673480496,0,TRUE,0.214290708317267,0.426713905441863,0.299259987167105,58
51,DMR_23,0.0014856471807268,0.207160919377604,0.542626853547674,0.33546593417007,1.07261003176309e-26,1.24155649774465e-25,0.225113698258465,0.261172278422197,0.261172278422197,19,chr12:72665282-72668470,chr12,72665282,72668470,0.0000112061736340571,chr12:72665282-72668470,chr12:72665282-72668470,5,4,4,0.301773811486152,5.04423866303541e-47,3.81040921133078e-127,3.35142810178412e-126,TRUE,TRUE,TRUE,2,2,17,18,0.195438087191984,0.117120677956632,TRUE,19,0.142700888019827,0.142568529341166,0.184350753321467,0.160193894671699,0.142700888019827,0,TRUE,0.391761414917288,0.155374834657926,0.297206782813543,59
67,DMR_166,0.00128660970500421,0.20177931449464,0.478950126348551,0.277170811853912,0.0000000000000000000000027784998160641,0.00000000000000000000000499081904358709,0.246894113746048,0.216262561586805,0.216262561586805,18,chr9:133534961-133542125,chr9,133534961,133542125,-0.0000405441511067877,chr9:133534961-133542125,chr9:133534961-133542125,5,3,3,0.276406403186275,1.96053821307326e-41,6.33748214711367e-107,1.65716593981959e-106,TRUE,TRUE,TRUE,2,2,17,18,0.190361886098039,0.111577378236423,TRUE,18,0.0916761257682399,0.0910072706163799,0.127781464979357,0.107607940207321,0.0916761257682399,0,TRUE,0.294323036916767,0.300812345794045,0.296918760467678,60
66,DMR_22,0.0013053498050551,0.156608598322526,0.464429410901971,0.307820812579445,0.000000000000000000000714633342665531,0.000000000000000000000883254693182117,0.243514635349678,0.262014026075075,0.262014026075075,14,chr19:56904442-56905587,chr19,56904442,56905587,0.0000236733059774149,chr19:56904442-56905587,chr19:56904442-56905587,5,4,4,0.295750249445676,1.1367483094708e-50,2.19571989286603e-131,2.83247866179719e-130,TRUE,TRUE,TRUE,2,2,12,13,0.176098219118249,0.129734331586066,TRUE,14,0.167796941732957,0.168033352148571,0.203277624444466,0.186624703447912,0.167796941732957,0.00526315789473684,TRUE,0.303497213517918,0.278246067056776,0.293396754933461,61
70,DMR_215,0.0012602469216883,0.257856140048506,0.522164409118943,0.264308269070437,3.73817372936905e-25,9.13775800512435e-25,0.248333384009384,0.194267041680735,0.194267041680735,22,chr10:106398816-106402908,chr10,106398816,106402908,-0.0000284211886976309,chr10:106398816-106402908,chr10:106398816-106402908,5,3,3,0.222266591317035,8.60438337437951e-39,7.34930651327376e-104,1.6068822715463e-103,TRUE,TRUE,TRUE,2,2,21,22,0.149546395679343,0.0932305362909922,TRUE,22,0.0977423355598539,0.0973956422903256,0.13481949727459,0.116065852763095,0.0977423355598539,0,TRUE,0.281417191740851,0.310422992802646,0.293019512165569,62
74,DMR_123,0.0012340047557537,0.186427056738712,0.465600379695039,0.279173322956327,0.0000000000000000000596710144757115,0.0000000000000000000698277828971092,0.251088764483576,0.213977879642294,0.213977879642294,18,chr6:85471973-85474803,chr6,85471973,85474803,0.00000450198015994073,chr6:85471973-85474803,chr6:85471973-85474803,5,4,4,0.253803835518741,3.66340580440003e-33,2.58877817220613e-93,4.03974658324102e-93,TRUE,TRUE,TRUE,2,2,17,18,0.1789988694,0.119175607234099,TRUE,18,0.0883840673881724,0.087604025367232,0.148025098222783,0.107197642644233,0.0883840673881724,0,TRUE,0.268570394550497,0.328821892430066,0.292670993702324,63
83,DMR_175,0.00118227754510174,0.131850528796207,0.45793820745691,0.326087678660702,0.0000000000000000000000235730229664313,0.0000000000000000000000332440067475314,0.256341011588992,0.21086117011816,0.21086117011816,7,chr5:1930801-1932098,chr5,1930801,1932098,0.0000918164205528942,chr5:1930801-1932098,chr5:1930801-1932098,4,3,3,0.262926847832916,2.19150752838421e-27,9.83078261218974e-66,1.05975288883494e-65,TRUE,TRUE,TRUE,2,2,7,8,0.132598627916667,0.0923794212533493,TRUE,7,0.0847135045398851,0.083761068928445,0.143645910391375,0.107485099049254,0.0847135045398851,0,TRUE,0.243247447270745,0.36389347989905,0.291505860322067,64
46,DMR_178,0.0015266109239992,0.129675712516391,0.4198767646284,0.290201052112009,0.0000000000000000000753535264012719,0.0000000000000000000872514516225253,0.218317387349477,0.210149450474841,0.210149450474841,12,chr11:24518149-24518726,chr11,24518149,24518726,0.00000136205198072912,chr11:24518149-24518726,chr11:24518149-24518726,5,3,3,0.245189942305852,7.14427920678457e-32,3.95067545617194e-87,5.32721742696356e-87,TRUE,TRUE,TRUE,2,2,9,12,0.172910554555556,0.100928023225633,TRUE,12,0.0893789410114143,0.0875439248095181,0.171021179569975,0.121865989187215,0.0893789410114143,0,TRUE,0.41181512935876,0.10999284715296,0.29108621647644,65
48,DMR_199,0.00149641844813046,0.184978103895923,0.446296858408901,0.261318754512978,3.46642925209075e-25,8.86760971465076e-25,0.220244063538062,0.200965427849634,0.200965427849634,13,chr7:155241490-155244727,chr7,155241490,155244727,0.0000600767541474202,chr7:155241490-155244727,chr7:155241490-155244727,5,3,3,0.257855533854167,2.21648985343537e-38,5.81588865321256e-105,1.33180408804335e-104,TRUE,TRUE,TRUE,2,2,12,13,0.15572433835,0.100940057016877,TRUE,13,0.0813620211664334,0.0805139855987355,0.130591841005449,0.105496359049573,0.0813620211664334,0,TRUE,0.397034466240976,0.12285812007637,0.287363927775134,66
52,DMR_169,0.00146792247582308,0.150206625783704,0.444272944572466,0.294066318788762,0.000000000000000421231499284569,0.000000000000000433041728236473,0.222545003928997,0.215359432054197,0.215359432054197,12,chr19:52900882-52901639,chr19,52900882,52901639,-0.000015596090541753,chr19:52900882-52901639,chr19:52900882-52901639,5,3,3,0.271014147727273,7.42970473961823e-30,1.46550721001378e-79,1.74508089315487e-79,TRUE,TRUE,TRUE,2,2,12,12,0.14164935975,0.0813196129820458,TRUE,12,0.0813760489484734,0.0809248231156464,0.141030494955496,0.104191042224399,0.0813760489484734,0,TRUE,0.383084322876773,0.138222521362514,0.285139602271069,67
40,DMR_70,0.00159727255527681,0.15651086777673,0.444177124529579,0.287666256752849,0.0000000000000000045123801751915,0.00000000000000000491447345812936,0.20767419410814,0.230930027451516,0.230930027451516,18,chr2:70994758-70996021,chr2,70994758,70996021,0.0000287080014476826,chr2:70994758-70996021,chr2:70994758-70996021,5,4,4,0.306183315972222,3.43076107255801e-38,7.69653990934034e-97,1.34169411933095e-96,TRUE,TRUE,TRUE,2,2,14,18,0.194155884178571,0.163895378159981,TRUE,18,0.18222089950335,0.181003017773827,0.222559879684587,0.206454816380797,0.18222089950335,0.0894736842105263,TRUE,0.446407382468708,0.0389235171650503,0.283413836347245,68
73,DMR_81,0.00124363507201507,0.171895049850307,0.47121827276613,0.299323222915823,0.00000000000000000000000602980941424057,0.00000000000000000000000947541479380661,0.246215695033716,0.226724682519003,0.226724682519003,15,chr5:178770629-178773708,chr5,178770629,178773708,-0.0000351330708176142,chr5:178770629-178773708,chr5:178770629-178773708,5,4,4,0.268374727564103,5.08725008949593e-42,1.33087428871346e-112,4.4667879012611e-112,TRUE,TRUE,TRUE,2,2,14,14,0.170689711437009,0.141775056618981,TRUE,15,0.143047656007712,0.142955541666046,0.178964605348941,0.160184465963998,0.143047656007712,0,TRUE,0.273284895639967,0.296282242633893,0.282483834437538,69
33,DMR_108,0.00161986653200769,0.163741552110006,0.446291244841525,0.28254969273152,1.27710370669413e-25,3.90226132600984e-25,0.204735436721774,0.219152609328831,0.219152609328831,9,chr2:137521943-137523892,chr2,137521943,137523892,-0.0000530871931084306,chr2:137521943-137523892,chr2:137521943-137523892,5,4,4,0.255235402554306,6.23138685089322e-43,8.29886079899356e-112,2.67638260767542e-111,TRUE,TRUE,TRUE,2,2,8,9,0.133706139750977,0.0976377002678945,TRUE,9,0.106594377240306,0.106942881030545,0.161708955351821,0.126565412025461,0.106594377240306,0,TRUE,0.457468216300359,0.0193001284216344,0.282200981148869,70
79,DMR_68,0.00119965773273435,0.12056640386996,0.437227855682382,0.316661451812422,1.92019983035993e-26,1.3083066660535e-25,0.248275677146955,0.231467875593053,0.231467875593053,21,chr13:88323266-88326918,chr13,88323266,88326918,-0.0000315763423443238,chr13:88323266-88326918,chr13:88323266-88326918,5,4,4,0.275222420596547,5.0836365015386e-45,3.48791434478317e-118,1.60693196598939e-117,TRUE,TRUE,TRUE,2,2,20,21,0.10822343275,0.0714881260074106,TRUE,21,0.057296695343229,0.0569330097582925,0.0991375509709735,0.0718699206144565,0.057296695343229,0,TRUE,0.251755881605123,0.310037658443348,0.275068592340413,71
72,DMR_103,0.00124754486959351,0.193208846939305,0.493075830641511,0.299866983702205,0.00000000000000000000000449166083697916,0.00000000000000000000000726592194217217,0.242775347938437,0.220962485659266,0.220962485659266,16,chr7:145812625-145814306,chr7,145812625,145814306,-0.0000774715951477681,chr7:145812625-145814306,chr7:145812625-145814306,5,4,4,0.27948725,1.92103198212776e-38,3.7225098475385e-102,7.58216479472315e-102,TRUE,TRUE,TRUE,2,2,15,17,0.165126104986475,0.107987555302261,TRUE,16,0.110281365663314,0.109451721905725,0.201441942850745,0.13661653380435,0.110281365663314,0.00175438596491228,TRUE,0.275198928828795,0.273309516550361,0.274443163917421,72
102,DMR_69,0.000999079251597142,0.179827925262186,0.461776280532251,0.281948355270065,0.00000000000000000000000209097148949687,0.00000000000000000000000396563558352855,0.269212022894445,0.231382471720813,0.231382471720813,26,chr15:79381747-79383980,chr15,79381747,79383980,-0.0000561779051550053,chr15:79381747-79383980,chr15:79381747-79383980,5,4,4,0.281721661458333,3.17877290523535e-39,9.15980406670662e-102,1.83670682581112e-101,TRUE,TRUE,TRUE,2,2,24,26,0.124696299725,0.0722562196558772,TRUE,26,0.0676794094616279,0.067206383009793,0.0926870850067327,0.0818770084858907,0.0676794094616279,0,TRUE,0.153563107642008,0.449838940909063,0.27207344094883,73
54,DMR_164,0.00140601650939846,0.140806070362361,0.42316020285967,0.282354132497309,0.0000000000000000000000269245331523875,0.0000000000000000000000374898562881345,0.224205208816232,0.216856208285013,0.216856208285013,21,chr3:140769274-140771786,chr3,140769274,140771786,-0.0000527311267059788,chr3:140769274-140771786,chr3:140769274-140771786,5,3,3,0.277367411458333,5.67684979277036e-36,3.41013481531608e-95,5.59204310816662e-95,TRUE,TRUE,TRUE,2,2,20,23,0.139018481456522,0.100442016775087,TRUE,21,0.0793310936726884,0.0778146907904338,0.119730005009148,0.0983249754702023,0.0793310936726884,0,TRUE,0.352778387097239,0.149308447014994,0.271390411064341,74
82,DMR_221,0.00118568819491816,0.290139876122747,0.547363219171249,0.257223343048502,1.19852972933188e-25,3.76680772075733e-25,0.24460069930485,0.190354583309273,0.190354583309273,14,chr14:48143434-48145588,chr14,48143434,48145588,-0.0000523759781803037,chr14:48143434-48145588,chr14:48143434-48145588,5,3,3,0.237836515947504,1.09637012347823e-39,9.24396645184781e-97,1.604221980657e-96,TRUE,TRUE,TRUE,2,2,8,14,0.184296327941076,0.0945560973065057,TRUE,14,0.0704607971367243,0.0688243615958191,0.155909162673087,0.0954710692042436,0.0704607971367243,0,TRUE,0.244917123721538,0.285498198618037,0.261149553680138,75
60,DMR_176,0.00136162125938872,0.147357157037986,0.425608918254212,0.278251761216226,0.0000000000000000017914347525211,0.00000000000000000199048305835678,0.222772179728487,0.210802609922697,0.210802609922697,15,chr20:8111582-8113630,chr20,8111582,8113630,-0.0000244890755654547,chr20:8111582-8113630,chr20:8111582-8113630,5,3,3,0.283060550595238,2.6004089032494e-32,2.95824176552382e-75,3.34748410309274e-75,TRUE,TRUE,TRUE,2,2,7,15,0.184438641157942,0.124664068003028,TRUE,15,0.162707706770065,0.16248777048605,0.204493401930161,0.174275769931127,0.162707706770065,0.00175438596491228,TRUE,0.331044785743159,0.139739475108737,0.25452266148939,76
110,DMR_12,0.000685395732470634,0.11042901977682,0.477551332104789,0.367122312327969,0.000000000000000000000279398691814415,0.000000000000000000000357370419762624,0.297004769705727,0.280338999267705,0.280338999267705,25,chr20:61049777-61051802,chr20,61049777,61051802,0.0000153531519868306,chr20:61049777-61051802,chr20:61049777-61051802,5,4,4,0.32838609375,5.43221269254557e-44,7.44133899218177e-109,2.07179725897435e-108,TRUE,TRUE,TRUE,2,2,24,25,0.13149025514,0.0902361329365093,TRUE,25,0.0731549976441895,0.0723759719744374,0.104261297586079,0.0908420831535529,0.0731549976441895,0,TRUE,0,0.635423459541113,0.254169383816445,77
68,DMR_167,0.00127430902308685,0.143064197496353,0.444349555172032,0.301285357675679,1.79835271851694e-25,5.20575786939113e-25,0.231461969577233,0.216260771145933,0.216260771145933,12,chr9:841067-843748,chr9,841067,843748,0.00000605619807102888,chr9:841067-843748,chr9:841067-843748,5,3,3,0.276589049479167,1.26825133928601e-34,1.08348997277954e-93,1.71634769933322e-93,TRUE,TRUE,TRUE,2,2,10,11,0.19504905352,0.114534605087973,TRUE,12,0.10119339096029,0.100200377351682,0.14683657254209,0.124485248408258,0.10119339096029,0,TRUE,0.288301263931672,0.19776506275733,0.252086783461935,78
55,DMR_61,0.00140537937064939,0.120005801194222,0.417613809357752,0.29760800816353,0.00000000000044101387039965,0.00000000000044101387039965,0.215382804536996,0.234438492401166,0.234438492401166,15,chr19:58609269-58611007,chr19,58609269,58611007,-0.0000274240999325992,chr19:58609269-58611007,chr19:58609269-58611007,5,4,4,0.295235280448718,1.75328227108428e-31,3.59606811650144e-85,4.68578572756248e-85,TRUE,TRUE,TRUE,2,2,14,14,0.133545603045954,0.103029110282423,TRUE,15,0.117110131558842,0.115538384250075,0.211962038118593,0.138447202673385,0.117110131558842,0.00175438596491228,TRUE,0.352466477161456,0.0903973338941157,0.24763881985452,79
63,DMR_64,0.00133826228096765,0.116815967433479,0.431838907264633,0.315022939831155,3.09509942594568e-25,8.10621278223868e-25,0.220916268523675,0.23267622814812,0.23267622814812,24,chr4:166793622-166796212,chr4,166793622,166796212,-0.0000315054295285267,chr4:166793622-166796212,chr4:166793622-166796212,5,4,4,0.295595416666667,4.08098584991584e-34,8.21377173423559e-93,1.25146837053117e-92,TRUE,TRUE,TRUE,2,2,17,22,0.116670787686275,0.0832887322418574,TRUE,24,0.0862036029301207,0.0852575467384631,0.142099956511426,0.105845540786103,0.0862036029301207,0,TRUE,0.319609446941584,0.127346731422494,0.242704360733948,80
64,DMR_154,0.00132676914418338,0.124750572580846,0.421718405485839,0.296967832904993,0.00000000000000000117984781513057,0.00000000000000000132431897616696,0.222006248166138,0.227274927008142,0.227274927008142,14,chr18:18821328-18823509,chr18,18821328,18823509,-0.0000145922142437206,chr18:18821328-18823509,chr18:18821328-18823509,5,3,3,0.295773897569444,1.5071290431389e-31,5.64459730295244e-84,7.18572090869274e-84,TRUE,TRUE,TRUE,2,2,14,14,0.161576809585714,0.102338323239154,TRUE,14,0.0783992063968627,0.0781713844358987,0.113064937523295,0.0937288941272087,0.0783992063968627,0,TRUE,0.31398300597949,0.134625009767516,0.2422398074947,81
90,DMR_93,0.00109050429539513,0.213853552765137,0.487197474339286,0.273343921574149,0.00000000000000000000000159200957001917,0.00000000000000000000000318401914003834,0.246388536796695,0.223014579550387,0.223014579550387,13,chr10:105036495-105038444,chr10,105036495,105038444,0.0000360286611243373,chr10:105036495-105038444,chr10:105036495-105038444,5,4,4,0.272839920546933,2.60971951726017e-43,1.83070351321251e-111,5.66785807690592e-111,TRUE,TRUE,TRUE,2,2,12,13,0.125899313833333,0.0771219682230427,TRUE,13,0.0673249792961333,0.0666604897218172,0.116175474597261,0.0844796129195265,0.0673249792961333,0,TRUE,0.198320045720935,0.297436383878002,0.237966580983762,82
71,DMR_125,0.00124850692356395,0.192199248654621,0.509679843916192,0.317480595261572,0.00000000000000000000000751607010651235,0.0000000000000000000000114828848849494,0.22820392321434,0.213854988950398,0.213854988950398,12,chr4:5712426-5713546,chr4,5712426,5713546,0.0000114854660087751,chr4:5712426-5713546,chr4:5712426-5713546,5,4,4,0.250174325800651,3.34581763505582e-38,1.30339781153987e-97,2.32449287127157e-97,TRUE,TRUE,TRUE,2,2,10,11,0.154891060599727,0.114378665559955,TRUE,12,0.134323848597063,0.131750380686614,0.236641529366667,0.167103216676795,0.134323848597063,0.00350877192982456,TRUE,0.27566990032845,0.176009639659209,0.235805796060754,83
85,DMR_83,0.00115851553682913,0.156373750009977,0.443621861360741,0.287248111350765,4.98996559151936e-25,0.00000000000000000000000115796479750175,0.236868285741128,0.226570698317949,0.226570698317949,9,chr9:101469203-101471607,chr9,101469203,101471607,-0.0000208430823748322,chr9:101469203-101471607,chr9:101469203-101471607,5,4,4,0.273853216145833,1.92782995801645e-38,3.06041601287913e-102,6.26656612160965e-102,TRUE,TRUE,TRUE,2,2,9,9,0.150290853191919,0.108996360106439,TRUE,9,0.0938605863482313,0.0933543478119715,0.13668947453021,0.112379888583018,0.0938605863482313,0,TRUE,0.231614806052237,0.233865437781861,0.232515058744087,84
53,DMR_78,0.0014222505617794,0.165462687549351,0.443029324226005,0.277566636676653,0.00000000000000000912386361818061,0.00000000000000000974393201941618,0.201845090120659,0.228094546700818,0.228094546700818,14,chr19:52872727-52873624,chr19,52872727,52873624,0.000025292970277436,chr19:52872727-52873624,chr19:52872727-52873624,5,4,4,0.275203645833333,1.19063654271219e-37,5.91046373799294e-91,8.53488606941518e-91,TRUE,TRUE,TRUE,2,2,10,14,0.137492637287277,0.0897471546524052,TRUE,14,0.115568989437077,0.114470243319058,0.183172361828307,0.144560639800983,0.115568989437077,0,TRUE,0.360725733327548,0,0.216435439996529,85
57,DMR_95,0.00138996813031471,0.0722313564401506,0.358583355793621,0.286351999353471,0.00000000000000000000000378124698089945,0.00000000000000000000000639903335229137,0.204211978838727,0.222566685900899,0.222566685900899,15,chr4:156587892-156589349,chr4,156587892,156589349,-0.0000535997229081737,chr4:156587892-156589349,chr4:156587892-156589349,5,4,4,0.279087708333333,1.63584193841919e-37,7.9929235806169e-104,1.73778731780828e-103,TRUE,TRUE,TRUE,2,2,13,15,0.0952405775230769,0.0643825261773141,TRUE,15,0.0499943743430186,0.0492978914044256,0.0967561969733245,0.0648360853038734,0.0499943743430186,0,TRUE,0.344921936839409,0.0158047675669097,0.21327506913041,86
81,DMR_110,0.00118988069602249,0.0967256102631017,0.374416335463986,0.277690725200884,0.000000000000000000000303438651584586,0.00000000000000000000038365806522189,0.225160528532658,0.219082771380032,0.219082771380032,17,chr6:94126141-94129636,chr6,94126141,94129636,-0.0000505882767196452,chr6:94126141-94129636,chr6:94126141-94129636,5,4,4,0.272351881944445,1.16115569830921e-27,3.05494778474547e-77,3.5397149481931e-77,TRUE,TRUE,TRUE,2,2,16,18,0.151572439544444,0.0944045754775824,TRUE,17,0.0705051128147602,0.0708330906123587,0.116931572958035,0.087204084906147,0.0705051128147602,0,TRUE,0.246969553827421,0.155687541205161,0.210456748778517,87
76,DMR_202,0.00123202702295627,0.172041515170548,0.416652635241596,0.244611120071049,2.30022647855395e-26,1.4056939591163e-25,0.219804119347192,0.200158321820893,0.200158321820893,28,chr8:54789207-54795315,chr8,54789207,54795315,0.00000861132027579969,chr8:54789207-54795315,chr8:54789207-54795315,5,3,3,0.272897239583333,2.11156476230284e-35,6.68892069856097e-96,1.12548361319265e-95,TRUE,TRUE,TRUE,2,2,23,28,0.171038821834783,0.100802399547167,TRUE,28,0.0707598248884625,0.0708627529625367,0.10838621863539,0.0852596645617539,0.0707598248884625,0,TRUE,0.267602199615346,0.119920417249011,0.208529486668812,88
108,DMR_49,0.000783216257466159,0.14432286302806,0.437836197441498,0.293513334413439,0.00000000000000000000000330217520712091,0.00000000000000000000000567561363723906,0.266500326097456,0.240826628551679,0.240826628551679,6,chr17:77178665-77179999,chr17,77178665,77179999,0.000030330945066566,chr17:77178665-77179999,chr17:77178665-77179999,5,4,4,0.300700954861111,6.47675077890496e-39,8.76015727872837e-100,1.64571886741159e-99,TRUE,TRUE,TRUE,2,2,6,6,0.0871094368333333,0.0524488232163189,TRUE,6,0.0525002281571172,0.0516755768732003,0.0833028408104284,0.0701362233937255,0.0525002281571172,0,TRUE,0.0478878324602937,0.431731736602758,0.201425394117279,89
77,DMR_196,0.00122074054583691,0.262743924170676,0.537640194646113,0.274896270475437,0.000000000000000000624660281246667,0.000000000000000000708377638527148,0.218205918504051,0.201981678111545,0.201981678111545,10,chr2:210636188-210636844,chr2,210636188,210636844,0.0000525995410177611,chr2:210636188-210636844,chr2:210636188-210636844,5,3,3,0.239410491071429,1.03626496525844e-36,8.42409582621515e-83,1.05505666172986e-82,TRUE,TRUE,TRUE,2,2,8,10,0.18436145929154,0.0982022512526936,TRUE,10,0.108525880948105,0.106285645446797,0.184070475599091,0.143995109356408,0.108525880948105,0,TRUE,0.262076928457951,0.109248520147021,0.200945565133579,90
100,DMR_104,0.00103158594518646,0.176789840264011,0.462013300125148,0.285223459861138,0.0000000000000000000000395977410874437,0.000000000000000000000054446893995235,0.238454615378251,0.220293595950096,0.220293595950096,13,chr8:89338965-89341103,chr8,89338965,89341103,-0.0000733811807130087,chr8:89338965-89341103,chr8:89338965-89341103,5,4,4,0.27263853219697,2.25890188341127e-38,4.43588608033449e-99,8.2533072744685e-99,TRUE,TRUE,TRUE,2,2,12,13,0.143438839442308,0.0920684185143099,TRUE,13,0.0823641782224041,0.081569776754498,0.123282118901181,0.102313427740487,0.0823641782224041,0,TRUE,0.169476691182012,0.244458065566954,0.199469240935989,91
78,DMR_25,0.00120862379297555,0.0935627552616787,0.452875859827435,0.359313104565756,0.0000000000000000000000842593678988991,0.000000000000000000000111669041793722,0.218196282981752,0.25884641563515,0.25884641563515,11,chr8:32404299-32406928,chr8,32404299,32406928,-0.0000558592218131549,chr8:32404299-32406928,chr8:32404299-32406928,5,4,4,0.364235052083333,3.1542741080434e-38,3.92433376813646e-95,6.40808931758991e-95,TRUE,TRUE,TRUE,2,2,9,11,0.151955768653654,0.103379936308669,TRUE,11,0.134227345856735,0.133820237523058,0.209918115268367,0.153600025606747,0.134227345856735,0.00175438596491228,TRUE,0.256145197555726,0.109184179483618,0.197360790326883,92
103,DMR_205,0.000977103886132947,0.247766916990478,0.504244852484135,0.256477935493657,1.50610215867219e-25,4.47760101226866e-25,0.242505376995995,0.197229706079494,0.197229706079494,14,chr1:4714008-4716554,chr1,4714008,4716554,-0.0000186894043196517,chr1:4714008-4716554,chr1:4714008-4716554,5,3,3,0.23192634469697,1.48279104437067e-40,7.29693606795964e-108,1.96105156826415e-107,TRUE,TRUE,TRUE,2,2,14,14,0.170577947909932,0.0813047765570607,TRUE,14,0.060339452828995,0.0586706957994382,0.101727516625174,0.0793657437901346,0.060339452828995,0,TRUE,0.142805113656071,0.271506800620988,0.194285788442038,93
104,DMR_96,0.00097405379643232,0.184767843231664,0.486358918739471,0.301591075507807,5.37980286044171e-25,0.00000000000000000000000120771084622161,0.23941435278384,0.222340599516979,0.222340599516979,16,chr4:134067133-134070598,chr4,134067133,134070598,-0.0000199643815736902,chr4:134067133-134070598,chr4:134067133-134070598,5,4,4,0.257927095588235,3.13040331776084e-41,2.63475883496311e-105,6.25553171245843e-105,TRUE,TRUE,TRUE,2,2,16,21,0.111031229619048,0.074786994715051,TRUE,16,0.0616800138932649,0.0611845566613327,0.101024154754049,0.0764171072269083,0.0616800138932649,0,TRUE,0.141311948652314,0.250866658630418,0.185133832643555,94
69,DMR_160,0.00126690454077308,0.109721254155747,0.382095055506943,0.272373801351196,8.5453290086399e-25,0.00000000000000000000000180766575182767,0.206971522036328,0.219420561467137,0.219420561467137,25,chr6:127438426-127442679,chr6,127438426,127442679,-0.0000375566253721287,chr6:127438426-127442679,chr6:127438426-127442679,5,3,3,0.284507726715686,1.31157191565801e-36,5.68981116985931e-99,1.0535679056151e-98,TRUE,TRUE,TRUE,2,2,18,24,0.117999780922222,0.10364654527385,TRUE,25,0.124242951607634,0.123626524109645,0.154430507266312,0.139823269115397,0.124242951607634,0,TRUE,0.284676415174082,0.034231463548008,0.184498434523652,95
86,DMR_162,0.00112377417134438,0.151675875489595,0.431829610266151,0.280153734776556,6.13195439450424e-27,1.24155649774465e-25,0.219556271815578,0.218125708720837,0.218125708720837,25,chr13:95362829-95366456,chr13,95362829,95366456,-0.00000891251060121918,chr13:95362829-95366456,chr13:95362829-95366456,5,3,3,0.281016956521739,1.4192954558039e-41,2.84270468350148e-106,7.14367995139657e-106,TRUE,TRUE,TRUE,2,2,24,25,0.1983503303125,0.129110580281433,TRUE,25,0.0912322847714973,0.0907351606876104,0.133621125130775,0.109456080289981,0.0912322847714973,0,TRUE,0.214607243581563,0.118265429163053,0.176070517814159,96
99,DMR_80,0.00103881572098892,0.121599524104848,0.426849807825027,0.305250283720179,3.84739685259853e-26,1.92369842629927e-25,0.221875634255431,0.226851153017425,0.226851153017425,16,chr7:103629099-103631129,chr7,103629099,103631129,-0.0000427408805437972,chr7:103629099-103631129,chr7:103629099-103631129,5,4,4,0.304748041666667,1.79275059297064e-37,4.71261813749635e-103,1.00207869187422e-102,TRUE,TRUE,TRUE,2,2,14,14,0.103634961013003,0.0745564148640688,TRUE,16,0.0707187198962243,0.0707804138562219,0.105896020206679,0.0866579241209739,0.0707187198962243,0,TRUE,0.173016012734107,0.133752842654642,0.157310744702321,97
98,DMR_159,0.00104624400614243,0.0794954601794609,0.337891507406742,0.258396047227281,0.000000000000000000141510639888807,0.000000000000000000162147608205925,0.22053311772351,0.220386690473177,0.220386690473177,20,chr12:24714652-24717178,chr12,24714652,24717178,-0.000014536448808031,chr12:24714652-24717178,chr12:24714652-24717178,5,3,3,0.316873755787037,4.62623901811548e-32,2.49136036626064e-76,2.84411935617365e-76,TRUE,TRUE,TRUE,2,2,18,19,0.108391038330144,0.0653964717879546,TRUE,20,0.0722175911203312,0.0719364379896638,0.110939912485545,0.0861100728807971,0.0722175911203312,0,TRUE,0.176652514121873,0.124788263297881,0.155906813792276,98
95,DMR_226,0.00106906630394963,0.219484531184544,0.460560698918507,0.241076167733963,6.33099394685286e-25,0.00000000000000000000000136550849834081,0.215587868761866,0.18906845554515,0.18906845554515,27,chr16:10274064-10277505,chr16,10274064,10277505,-0.0000450345297632062,chr16:10274064-10277505,chr16:10274064-10277505,5,3,3,0.232183082107843,1.49565941918511e-37,3.25458386643038e-100,6.17413704072822e-100,TRUE,TRUE,TRUE,2,2,24,26,0.165313528916667,0.107431791114504,TRUE,27,0.0942475804395486,0.0937614638395407,0.132488920900191,0.109516994117657,0.0942475804395486,0,TRUE,0.187825122056664,0.0917666388325433,0.149401728767016,99
89,DMR_231,0.00110124461992214,0.177670338364016,0.406669918666421,0.228999580302405,0.0000000000000000000285418717434014,0.0000000000000000000341261509975451,0.210536393001525,0.184678386975475,0.184678386975475,17,chr21:27010160-27012878,chr21,27010160,27012878,-0.0000121529325829404,chr21:27010160-27012878,chr21:27010160-27012878,5,3,3,0.237309270833333,8.7560776918508e-36,9.1632794685301e-88,1.24865815292998e-87,TRUE,TRUE,TRUE,2,2,14,15,0.196799544466667,0.162571351965046,TRUE,17,0.169529737236045,0.168616122513478,0.220095125033926,0.192263568635185,0.169529737236045,0.012280701754386,TRUE,0.203577949024383,0.058035690836291,0.145361045749146,100
106,DMR_153,0.000911265800384723,0.1022358486275,0.347078715367988,0.244842866740488,8.50084475332596e-26,2.9221653839558e-25,0.23021784193939,0.229475879384081,0.229475879384081,12,chr7:108095719-108097606,chr7,108095719,108097606,0.0000558548015941534,chr7:108095719-108097606,chr7:108095719-108097606,5,3,3,0.302886377314815,1.08382796111859e-33,7.41441775346713e-86,9.79310467778765e-86,TRUE,TRUE,TRUE,2,2,12,12,0.1638564268,0.0876644166806133,TRUE,12,0.0833725243408507,0.0825002244154631,0.124957102310797,0.102791697909018,0.0833725243408507,0,TRUE,0.110574217124268,0.189457469760002,0.142127518178561,101
94,DMR_218,0.00107216254820334,0.201723048586541,0.427201681784999,0.225478633198459,0.00000000000000000000016023276814814,0.000000000000000000000207360052897592,0.212484404066824,0.191638516710568,0.191638516710568,25,chr11:69631981-69635508,chr11,69631981,69635508,-0.0000536188274211549,chr11:69631981-69635508,chr11:69631981-69635508,5,3,3,0.240662450396825,2.81529747699514e-32,3.92635825016475e-92,5.86679784870177e-92,TRUE,TRUE,TRUE,2,2,25,25,0.150437946386184,0.108702436651064,TRUE,25,0.123497111021178,0.123368036046123,0.156315508828222,0.139498053400929,0.123497111021178,0,TRUE,0.189340881924896,0.0710434262104957,0.142021899639136,102
105,DMR_32,0.000924336563602362,0.0839517272013852,0.415412508300283,0.331460781098898,0.0000000000000000000000671387618925016,0.0000000000000000000000911485143574822,0.227853002169918,0.253737432266706,0.253737432266706,13,chr3:96532006-96533824,chr3,96532006,96533824,0.0000296004898863859,chr3:96532006-96533824,chr3:96532006-96533824,5,4,4,0.34827734375,8.60717569446911e-38,7.95388373764778e-91,1.14005666906285e-90,TRUE,TRUE,TRUE,2,2,13,14,0.0958131355952381,0.0633306817356318,TRUE,13,0.0604343782850618,0.0591977168316534,0.130402090861493,0.0814867255649208,0.0604343782850618,0,TRUE,0.116972981791735,0.173666383933205,0.139650342648323,103
87,DMR_193,0.00112345246819036,0.0894533453855432,0.328656113305498,0.239202767919955,0.000000000000000294416190806145,0.000000000000000305526235742226,0.203399542275073,0.204355160852371,0.204355160852371,15,chr6:80656586-80658030,chr6,80656586,80658030,-0.0000486331440681302,chr6:80656586-80658030,chr6:80656586-80658030,5,3,3,0.266435199652778,1.96563236418678e-33,4.95170498684271e-80,5.95127276368984e-80,TRUE,TRUE,TRUE,2,2,14,14,0.165136465771429,0.0989477866849387,TRUE,15,0.122407875389457,0.121587174747198,0.167940454923188,0.140052752013577,0.122407875389457,0,TRUE,0.214449754478513,0.0103797676700446,0.132821759755125,104
91,DMR_229,0.00108545876369909,0.269955373194956,0.514308581021202,0.244353207826245,0.0000000000000000000000133318463890204,0.0000000000000000000000195321564173862,0.204243054686711,0.187086612333121,0.187086612333121,12,chr3:179754239-179755696,chr3,179754239,179755696,-0.00000186681646755953,chr3:179754239-179755696,chr3:179754239-179755696,5,3,3,0.221209229490022,1.09024376145637e-38,1.17462172257034e-95,1.9426436180971e-95,TRUE,TRUE,TRUE,2,2,11,12,0.195735671576642,0.108549141018339,TRUE,12,0.108505938749754,0.108685730068463,0.141705085791037,0.12346032628312,0.108505938749754,0,TRUE,0.195850016281367,0.0160122748107369,0.123914919693115,105
93,DMR_180,0.0010756673666409,0.092682965805195,0.35562390273576,0.262940936930565,0.0000000000000000000000109726842722833,0.000000000000000000000016310746891232,0.205145485930538,0.209710303099745,0.209710303099745,20,chr8:104510754-104514118,chr8,104510754,104514118,-0.0000487346623167076,chr8:104510754-104514118,chr8:104510754-104514118,5,3,3,0.262851588541667,3.58230646884624e-33,1.25936059464063e-93,1.9731682191333e-93,TRUE,TRUE,TRUE,2,2,15,20,0.144995329933333,0.0840582949839743,TRUE,20,0.0825422696170851,0.0825655973253794,0.116016568783791,0.0958615709142646,0.0825422696170851,0,TRUE,0.191056658426293,0.0220382091712863,0.12344927872429,106
97,DMR_192,0.00104818455275836,0.1522142111399,0.425147661065719,0.272933449925818,0.00000000000000000000000281300709729454,0.00000000000000000000000499081904358709,0.204709044809455,0.204816672053661,0.204816672053661,34,chr16:56223970-56228901,chr16,56223970,56228901,0.000018524239900641,chr16:56223970-56228901,chr16:56223970-56228901,5,3,3,0.257661047149123,2.06575791211605e-34,2.28764360329171e-92,3.44481741040425e-92,TRUE,TRUE,TRUE,2,2,27,32,0.150940196355556,0.0986502508311852,TRUE,34,0.0814802211675101,0.0811578329087637,0.124532815873526,0.100066593752404,0.0814802211675101,0,TRUE,0.177602504640014,0.0191238978972909,0.114211061942925,107
101,DMR_168,0.00100030864298591,0.133772737150124,0.379155994662448,0.245383257512324,0.0000000000000000337033977877294,0.000000000000000035308321491907,0.206997597316797,0.215744512892282,0.215744512892282,10,chr18:5894665-5896267,chr18,5894665,5896267,-0.00000501890682926943,chr18:5894665-5896267,chr18:5894665-5896267,5,3,3,0.301702842261905,2.85409119268211e-26,3.93951815865074e-66,4.25864113798278e-66,TRUE,TRUE,TRUE,2,2,9,10,0.160610939133333,0.101321371291854,TRUE,10,0.0898839890081378,0.0893210354136793,0.13010015917567,0.108195967900852,0.0898839890081378,0,TRUE,0.154164953613047,0.0344055797808114,0.106261204080153,108
107,DMR_219,0.000875406819159202,0.103280462718058,0.320411185986292,0.217130723268234,0.00000000000000112828266760112,0.00000000000000114917679107521,0.204844489602953,0.191187082669462,0.191187082669462,21,chr3:154796045-154798648,chr3,154796045,154798648,-0.00000095541762810462,chr3:154796045-154798648,chr3:154796045-154798648,5,3,3,0.28590384469697,1.37367002307107e-26,5.59028790924449e-60,5.83137849293159e-60,TRUE,TRUE,TRUE,2,2,17,20,0.158497289,0.120051375891123,TRUE,21,0.133933376904855,0.133521507343719,0.190014345532129,0.149385633850213,0.133933376904855,0,TRUE,0.0930195282161567,0.0200283229608957,0.0638230461140523,109
109,DMR_171,0.000761380936888405,0.119110320041585,0.381520823017991,0.262410502976406,0.00000000000000000000465383308073351,0.00000000000000000000568801820978541,0.209514534556183,0.214192469297438,0.214192469297438,8,chr12:133484026-133485856,chr12,133484026,133485856,-0.0000168203788790525,chr12:133484026-133485856,chr12:133484026-133485856,5,3,3,0.29212755952381,2.11653996085302e-35,4.78556457650936e-85,6.19402505387667e-85,TRUE,TRUE,TRUE,2,2,6,8,0.136455178975,0.0705257594173163,TRUE,8,0.0728556790034242,0.0718407178339258,0.125919037292077,0.093868643089192,0.0728556790034242,0,TRUE,0.0371983971542358,0.0512122879903402,0.0428039534886776,110
