Feature,SHAP_rank,priority_rank,mean_abs_SHAP,discovery_deltaBeta,validation_mean_deltaBeta,legacy_discovery_deltaBeta,discovery_no_cpgs,score_SHAP,score_discovery_delta,priority_score,rank_change
DMR_7,1,1,0.00272809676882748,0.310872401795932,0.308741777554531,0.308741777554531,14,1,0.728023800324356,0.891209520129742,0
DMR_4,2,2,0.00235623946107487,0.351602984885498,0.296280657450557,0.296280657450557,10,0.817958036377261,1,0.890774821826357,0
DMR_41,6,3,0.00208788486116139,0.326940155642584,0.24530080087618,0.24530080087618,30,0.68658560588587,0.835315331578069,0.74607749616275,3
DMR_14,10,4,0.00199274604094886,0.313156379543068,0.279911091572014,0.279911091572014,33,0.640010596366996,0.743274934501438,0.681316331620773,6
DMR_149,17,5,0.00185644510347732,0.306807617167045,0.257624143498579,0.257624143498579,6,0.573284758838352,0.700881427394569,0.624323426260839,12
DMR_74,3,6,0.00220434303306743,0.257164538834538,0.229917327210831,0.229917327210831,24,0.74359745922773,0.369392537206441,0.593915490419214,-3
DMR_118,4,7,0.00217658253249445,0.257666053426922,0.216263362788925,0.216263362788925,21,0.730007364505648,0.372741372960118,0.587100967887436,-3
DMR_9,15,8,0.00192468150056124,0.279431956463856,0.28349859276806,0.28349859276806,19,0.606689743644951,0.518081978015447,0.57124663739315,7
DMR_10,5,9,0.00210444024283181,0.249260958454015,0.28162433000408,0.28162433000408,12,0.69469025819463,0.316616819485957,0.543460882711161,-4
DMR_29,14,10,0.00193753107604973,0.266965176569635,0.256518535374298,0.256518535374298,19,0.612980226324396,0.434835749736148,0.541722435689097,4
DMR_1,38,11,0.00160937672838305,0.300586679959902,0.328616435696098,0.328616435696098,16,0.452332954978247,0.65934146573237,0.535136359279896,27
DMR_85,11,12,0.00197372694188075,0.259281117223355,0.225733709787745,0.225733709787745,11,0.630699836383229,0.383525871493362,0.531830250427282,-1
DMR_65,16,13,0.0018803165299165,0.259343599930668,0.232545086582901,0.232545086582901,12,0.58497096549038,0.383943096290833,0.504559817810561,3
DMR_37,31,14,0.00162903778035393,0.285465449232691,0.247687414274809,0.247687414274809,20,0.461957981656622,0.558370289882473,0.500522904946963,17
DMR_112,13,15,0.00194423698650258,0.249824085941954,0.218079085956795,0.218079085956795,14,0.616263090695393,0.320377071917545,0.497908683184254,-2
DMR_119,7,16,0.00204952604817251,0.237480192808549,0.215954124079686,0.215954124079686,26,0.667807129590926,0.237951413138165,0.495864843009822,-9
DMR_36,36,17,0.00161696892125743,0.282407600875827,0.248245452795993,0.248245452795993,26,0.456049697046348,0.537951677817542,0.488810489354826,19
DMR_31,20,18,0.0017553052365274,0.266449358141243,0.254343583460023,0.254343583460023,19,0.523771949499252,0.431391400914325,0.486819730065282,2
DMR_132,8,19,0.002035589743481,0.23556635234499,0.209272059707741,0.209272059707741,18,0.660984640913697,0.225171850053599,0.486659524569658,-11
DMR_53,18,20,0.00177901803209054,0.259034709003954,0.237718135017608,0.237718135017608,9,0.53538049873925,0.381880494334528,0.473980496977361,-2
DMR_11,34,21,0.00161921495186701,0.275103969029897,0.280700128615106,0.280700128615106,11,0.457149236611659,0.489182083016555,0.469962375173617,13
DMR_158,12,22,0.00196110328787119,0.236659048817713,0.221541379316953,0.221541379316953,26,0.624519953089061,0.232468269881341,0.467699279805973,-10
DMR_18,21,23,0.00172642161693491,0.260910206538505,0.271078119697676,0.271078119697676,11,0.509632034221194,0.394404024646543,0.463540830391334,-2
DMR_201,23,24,0.00167784702166346,0.258686829422438,0.200572050859919,0.200572050859919,14,0.485852443176346,0.379557547807654,0.443334485028869,-1
DMR_38,9,25,0.00203016967482787,0.219046187445386,0.247381171454541,0.247381171454541,14,0.658331257693804,0.114859369195444,0.440942502294459,-16
DMR_62,56,26,0.00140225688490146,0.285271166727552,0.23374181107386,0.23374181107386,13,0.350937870824871,0.557072979276951,0.433391914205703,30
DMR_165,44,27,0.00158526575919692,0.263230512322261,0.216554163993254,0.216554163993254,6,0.4405294806778,0.409897737264496,0.428276783312479,17
DMR_45,27,28,0.00165939313605389,0.254825887961054,0.243488112534949,0.243488112534949,15,0.476818382253518,0.353776326273746,0.427601559861609,-1
DMR_129,26,29,0.00166847629009933,0.250858712127604,0.210648575898814,0.210648575898814,7,0.481265021229937,0.327285730638173,0.419673304993232,-3
DMR_79,32,30,0.00162552791059484,0.252774131877759,0.227628368606073,0.227628368606073,13,0.460239732291385,0.340075839321009,0.412174175103234,2
DMR_27,19,31,0.00177297055255495,0.233642303412195,0.256758114280143,0.256758114280143,19,0.532419967840232,0.212324120484375,0.404381628897889,-12
DMR_50,28,32,0.00165193246843031,0.246305425184544,0.24034356396521,0.24034356396521,14,0.473166028095571,0.296881410717612,0.402652181144387,-4
DMR_94,37,33,0.00161425389901996,0.250050045184107,0.222955823606649,0.222955823606649,22,0.454720563615097,0.321885902169919,0.401586699037026,4
DMR_16,25,34,0.00166885790432956,0.242536262339372,0.27656595406094,0.27656595406094,20,0.481451839674461,0.271713035780914,0.397556318117042,-9
DMR_98,61,35,0.00135523701923586,0.274467353173212,0.222115279684786,0.222115279684786,10,0.327919394391597,0.484931116096349,0.390724083073498,26
DMR_44,84,36,0.00117568827312581,0.292464774810303,0.244058803463961,0.244058803463961,7,0.240021683021032,0.605107896528205,0.386056168423901,48
DMR_186,22,37,0.00168411991333297,0.23545097902884,0.206970308282804,0.206970308282804,10,0.488923324111861,0.2244014511619,0.383114574931877,-15
DMR_230,30,38,0.00163051234225214,0.237946117152535,0.185945306180995,0.185945306180995,25,0.462679850335377,0.241062596990726,0.374032948997517,-8
DMR_133,42,39,0.00158857582986503,0.242355186179343,0.208650000681814,0.208650000681814,21,0.44214991881789,0.270503909809202,0.373491515214415,3
DMR_57,47,40,0.0015109009978891,0.25085002785088,0.235291611390796,0.235291611390796,12,0.404124368042988,0.327227741864108,0.373365717571436,7
DMR_152,50,41,0.00148991307448967,0.252918888333978,0.2307180498623,0.2307180498623,12,0.393849774244933,0.341042442493726,0.37272684154445,9
DMR_102,59,42,0.00137296835589377,0.265471117767985,0.221284198966765,0.221284198966765,12,0.336599732993439,0.424859255314962,0.371903541922048,17
DMR_209,24,43,0.00167113688015961,0.23135338511522,0.196432200312338,0.196432200312338,25,0.482567507503225,0.197039996060956,0.368356502926318,-19
DMR_15,39,44,0.00160673960277304,0.2374576153474,0.277553432842743,0.277553432842743,15,0.451041955677286,0.237800653399024,0.365745434765981,-5
DMR_187,41,45,0.00159059640699723,0.237153968401318,0.206396682040259,0.206396682040259,11,0.4431390881071,0.235773067831273,0.360192679996769,-4
DMR_48,92,46,0.00108029700528802,0.288693013410858,0.240957848798526,0.240957848798526,12,0.193323088297684,0.579922169890102,0.347962720934652,46
DMR_195,49,47,0.00149603890922739,0.240531554197863,0.202462897873407,0.202462897873407,16,0.396848663768505,0.258326708838638,0.341439881796558,2
DMR_183,65,48,0.00131614525893411,0.258811418226203,0.208541737670221,0.208541737670221,13,0.308782105279788,0.380389482604552,0.337425056209693,17
DMR_142,58,49,0.00138565197233176,0.249980833801557,0.203485448156812,0.203485448156812,8,0.342808970768444,0.321423747018375,0.334254881268416,9
DMR_122,45,50,0.00155817414455688,0.23087618759036,0.214340487860359,0.214340487860359,21,0.427266837658655,0.193853536171083,0.333901517063626,-5
DMR_26,62,51,0.00135175281840979,0.251038387789027,0.25819910012105,0.25819910012105,10,0.326213711198583,0.328485504858458,0.327122428662533,11
DMR_223,35,52,0.00161786219136498,0.218354052967268,0.189500608967548,0.189500608967548,16,0.456486995550459,0.110237679773294,0.317987269239593,-17
DMR_35,96,53,0.00106671993669597,0.278593109935573,0.248791049262963,0.248791049262963,6,0.186676462898079,0.512480627050944,0.316998128559225,43
DMR_213,43,54,0.00158593851576312,0.219941326039742,0.195062399161886,0.195062399161886,8,0.440858827241114,0.120836607295389,0.312849939262824,-11
DMR_120,29,55,0.00163963670600523,0.21400589064631,0.21490479323329,0.21490479323329,25,0.467146663437583,0.0812030680903121,0.312769225298675,-26
DMR_163,80,56,0.00119483081325467,0.26204505335035,0.217962076988089,0.217962076988089,12,0.249392873316701,0.401981901015779,0.310428484396333,24
DMR_145,75,57,0.00123275175690077,0.253993269436092,0.202117306136216,0.202117306136216,7,0.267956991594985,0.348216562454487,0.300060819938786,18
DMR_116,88,58,0.00112312758443196,0.265748866266515,0.216312237285097,0.216312237285097,14,0.214290708317267,0.426713905441863,0.299259987167105,30
DMR_23,51,59,0.0014856471807268,0.225113698258465,0.261172278422197,0.261172278422197,19,0.391761414917288,0.155374834657926,0.297206782813543,-8
DMR_166,67,60,0.00128660970500421,0.246894113746048,0.216262561586805,0.216262561586805,18,0.294323036916767,0.300812345794045,0.296918760467678,7
DMR_22,66,61,0.0013053498050551,0.243514635349678,0.262014026075075,0.262014026075075,14,0.303497213517918,0.278246067056776,0.293396754933461,5
DMR_215,70,62,0.0012602469216883,0.248333384009384,0.194267041680735,0.194267041680735,22,0.281417191740851,0.310422992802646,0.293019512165569,8
DMR_123,74,63,0.0012340047557537,0.251088764483576,0.213977879642294,0.213977879642294,18,0.268570394550497,0.328821892430066,0.292670993702324,11
DMR_175,83,64,0.00118227754510174,0.256341011588992,0.21086117011816,0.21086117011816,7,0.243247447270745,0.36389347989905,0.291505860322067,19
DMR_178,46,65,0.0015266109239992,0.218317387349477,0.210149450474841,0.210149450474841,12,0.41181512935876,0.10999284715296,0.29108621647644,-19
DMR_199,48,66,0.00149641844813046,0.220244063538062,0.200965427849634,0.200965427849634,13,0.397034466240976,0.12285812007637,0.287363927775134,-18
DMR_169,52,67,0.00146792247582308,0.222545003928997,0.215359432054197,0.215359432054197,12,0.383084322876773,0.138222521362514,0.285139602271069,-15
DMR_70,40,68,0.00159727255527681,0.20767419410814,0.230930027451516,0.230930027451516,18,0.446407382468708,0.0389235171650503,0.283413836347245,-28
DMR_81,73,69,0.00124363507201507,0.246215695033716,0.226724682519003,0.226724682519003,15,0.273284895639967,0.296282242633893,0.282483834437538,4
DMR_108,33,70,0.00161986653200769,0.204735436721774,0.219152609328831,0.219152609328831,9,0.457468216300359,0.0193001284216344,0.282200981148869,-37
DMR_68,79,71,0.00119965773273435,0.248275677146955,0.231467875593053,0.231467875593053,21,0.251755881605123,0.310037658443348,0.275068592340413,8
DMR_103,72,72,0.00124754486959351,0.242775347938437,0.220962485659266,0.220962485659266,16,0.275198928828795,0.273309516550361,0.274443163917421,0
DMR_69,102,73,0.000999079251597142,0.269212022894445,0.231382471720813,0.231382471720813,26,0.153563107642008,0.449838940909063,0.27207344094883,29
DMR_164,54,74,0.00140601650939846,0.224205208816232,0.216856208285013,0.216856208285013,21,0.352778387097239,0.149308447014994,0.271390411064341,-20
DMR_221,82,75,0.00118568819491816,0.24460069930485,0.190354583309273,0.190354583309273,14,0.244917123721538,0.285498198618037,0.261149553680138,7
DMR_176,60,76,0.00136162125938872,0.222772179728487,0.210802609922697,0.210802609922697,15,0.331044785743159,0.139739475108737,0.25452266148939,-16
DMR_12,110,77,0.000685395732470634,0.297004769705727,0.280338999267705,0.280338999267705,25,0,0.635423459541113,0.254169383816445,33
DMR_167,68,78,0.00127430902308685,0.231461969577233,0.216260771145933,0.216260771145933,12,0.288301263931672,0.19776506275733,0.252086783461935,-10
DMR_61,55,79,0.00140537937064939,0.215382804536996,0.234438492401166,0.234438492401166,15,0.352466477161456,0.0903973338941157,0.24763881985452,-24
DMR_64,63,80,0.00133826228096765,0.220916268523675,0.23267622814812,0.23267622814812,24,0.319609446941584,0.127346731422494,0.242704360733948,-17
DMR_154,64,81,0.00132676914418338,0.222006248166138,0.227274927008142,0.227274927008142,14,0.31398300597949,0.134625009767516,0.2422398074947,-17
DMR_93,90,82,0.00109050429539513,0.246388536796695,0.223014579550387,0.223014579550387,13,0.198320045720935,0.297436383878002,0.237966580983762,8
DMR_125,71,83,0.00124850692356395,0.22820392321434,0.213854988950398,0.213854988950398,12,0.27566990032845,0.176009639659209,0.235805796060754,-12
DMR_83,85,84,0.00115851553682913,0.236868285741128,0.226570698317949,0.226570698317949,9,0.231614806052237,0.233865437781861,0.232515058744087,1
DMR_78,53,85,0.0014222505617794,0.201845090120659,0.228094546700818,0.228094546700818,14,0.360725733327548,0,0.216435439996529,-32
DMR_95,57,86,0.00138996813031471,0.204211978838727,0.222566685900899,0.222566685900899,15,0.344921936839409,0.0158047675669097,0.21327506913041,-29
DMR_110,81,87,0.00118988069602249,0.225160528532658,0.219082771380032,0.219082771380032,17,0.246969553827421,0.155687541205161,0.210456748778517,-6
DMR_202,76,88,0.00123202702295627,0.219804119347192,0.200158321820893,0.200158321820893,28,0.267602199615346,0.119920417249011,0.208529486668812,-12
DMR_49,108,89,0.000783216257466159,0.266500326097456,0.240826628551679,0.240826628551679,6,0.0478878324602937,0.431731736602758,0.201425394117279,19
DMR_196,77,90,0.00122074054583691,0.218205918504051,0.201981678111545,0.201981678111545,10,0.262076928457951,0.109248520147021,0.200945565133579,-13
DMR_104,100,91,0.00103158594518646,0.238454615378251,0.220293595950096,0.220293595950096,13,0.169476691182012,0.244458065566954,0.199469240935989,9
DMR_25,78,92,0.00120862379297555,0.218196282981752,0.25884641563515,0.25884641563515,11,0.256145197555726,0.109184179483618,0.197360790326883,-14
DMR_205,103,93,0.000977103886132947,0.242505376995995,0.197229706079494,0.197229706079494,14,0.142805113656071,0.271506800620988,0.194285788442038,10
DMR_96,104,94,0.00097405379643232,0.23941435278384,0.222340599516979,0.222340599516979,16,0.141311948652314,0.250866658630418,0.185133832643555,10
DMR_160,69,95,0.00126690454077308,0.206971522036328,0.219420561467137,0.219420561467137,25,0.284676415174082,0.034231463548008,0.184498434523652,-26
DMR_162,86,96,0.00112377417134438,0.219556271815578,0.218125708720837,0.218125708720837,25,0.214607243581563,0.118265429163053,0.176070517814159,-10
DMR_80,99,97,0.00103881572098892,0.221875634255431,0.226851153017425,0.226851153017425,16,0.173016012734107,0.133752842654642,0.157310744702321,2
DMR_159,98,98,0.00104624400614243,0.22053311772351,0.220386690473177,0.220386690473177,20,0.176652514121873,0.124788263297881,0.155906813792276,0
DMR_226,95,99,0.00106906630394963,0.215587868761866,0.18906845554515,0.18906845554515,27,0.187825122056664,0.0917666388325433,0.149401728767016,-4
DMR_231,89,100,0.00110124461992214,0.210536393001525,0.184678386975475,0.184678386975475,17,0.203577949024383,0.058035690836291,0.145361045749146,-11
DMR_153,106,101,0.000911265800384723,0.23021784193939,0.229475879384081,0.229475879384081,12,0.110574217124268,0.189457469760002,0.142127518178561,5
DMR_218,94,102,0.00107216254820334,0.212484404066824,0.191638516710568,0.191638516710568,25,0.189340881924896,0.0710434262104957,0.142021899639136,-8
DMR_32,105,103,0.000924336563602362,0.227853002169918,0.253737432266706,0.253737432266706,13,0.116972981791735,0.173666383933205,0.139650342648323,2
DMR_193,87,104,0.00112345246819036,0.203399542275073,0.204355160852371,0.204355160852371,15,0.214449754478513,0.0103797676700446,0.132821759755125,-17
DMR_229,91,105,0.00108545876369909,0.204243054686711,0.187086612333121,0.187086612333121,12,0.195850016281367,0.0160122748107369,0.123914919693115,-14
DMR_180,93,106,0.0010756673666409,0.205145485930538,0.209710303099745,0.209710303099745,20,0.191056658426293,0.0220382091712863,0.12344927872429,-13
DMR_192,97,107,0.00104818455275836,0.204709044809455,0.204816672053661,0.204816672053661,34,0.177602504640014,0.0191238978972909,0.114211061942925,-10
DMR_168,101,108,0.00100030864298591,0.206997597316797,0.215744512892282,0.215744512892282,10,0.154164953613047,0.0344055797808114,0.106261204080153,-7
DMR_219,107,109,0.000875406819159202,0.204844489602953,0.191187082669462,0.191187082669462,21,0.0930195282161567,0.0200283229608957,0.0638230461140523,-2
DMR_171,109,110,0.000761380936888405,0.209514534556183,0.214192469297438,0.214192469297438,8,0.0371983971542358,0.0512122879903402,0.0428039534886776,-1
