Feature,TCGA_mean_Normal,TCGA_mean_Tumor,TCGA_deltaBeta,TCGA_wilcox_p,TCGA_FDR
DMR_1,0.0510824944454236,0.426103409960914,0.37502091551549,0.00000000000000000687530163377643,0.00000000000000000741454097760203
DMR_10,0.14134927375189,0.515631308964705,0.374282035212814,6.54478896953289e-27,1.24155649774465e-25
DMR_102,0.0813977243454328,0.347714313592708,0.266316589247276,2.02192848390086e-26,1.3083066660535e-25
DMR_103,0.193208846939305,0.493075830641511,0.299866983702205,0.00000000000000000000000449166083697916,0.00000000000000000000000726592194217217
DMR_104,0.176789840264011,0.462013300125148,0.285223459861138,0.0000000000000000000000395977410874437,0.000000000000000000000054446893995235
DMR_108,0.163741552110006,0.446291244841525,0.28254969273152,1.27710370669413e-25,3.90226132600984e-25
DMR_11,0.215311038631939,0.565618006234734,0.350306967602795,0.000000000000000000000357826540491474,0.000000000000000000000447283175614342
DMR_110,0.0967256102631017,0.374416335463986,0.277690725200884,0.000000000000000000000303438651584586,0.00000000000000000000038365806522189
DMR_112,0.200905829204771,0.496039707521404,0.295133878316633,0.0000000000000000000000027107383134534,0.0000000000000000000000049696869079979
DMR_116,0.264392957196208,0.54157324580596,0.277180288609752,0.000000000000000000000129392312732256,0.00000000000000000000016944231429224
DMR_118,0.17277923817574,0.473423321049913,0.300644082874173,8.27246480808394e-27,1.24155649774465e-25
DMR_119,0.2452046834826,0.579097813756131,0.333893130273532,5.10047046002872e-26,2.15789134847369e-25
DMR_12,0.11042901977682,0.477551332104789,0.367122312327969,0.000000000000000000000279398691814415,0.000000000000000000000357370419762624
DMR_120,0.271956073059884,0.547989274094211,0.276033201034327,1.35442527026689e-26,1.24155649774465e-25
DMR_122,0.213237947413182,0.531665641936077,0.318427694522895,5.51633947177595e-25,0.00000000000000000000000121359468379071
DMR_123,0.186427056738712,0.465600379695039,0.279173322956327,0.0000000000000000000596710144757115,0.0000000000000000000698277828971092
DMR_125,0.192199248654621,0.509679843916192,0.317480595261572,0.00000000000000000000000751607010651235,0.0000000000000000000000114828848849494
DMR_129,0.298284382613013,0.553167436119467,0.254883053506455,0.00000000000000000000000187045456489864,0.0000000000000000000000036741071810509
DMR_132,0.216609881001092,0.501068200263004,0.284458319261912,4.7841930277146e-26,2.10504493219443e-25
DMR_133,0.184994020898825,0.453796862422973,0.268802841524148,0.00000000000000000000000392344768663428,0.00000000000000000000000644148127656374
DMR_14,0.144876316288765,0.512360307594362,0.367483991305597,1.99600619039872e-26,1.3083066660535e-25
DMR_142,0.283593293901703,0.559113177744718,0.275519883843015,7.48328932444732e-26,2.83848905410071e-25
DMR_145,0.310841314248245,0.597250120151156,0.286408805902911,0.0000000000000000000000134949444338305,0.0000000000000000000000195321564173862
DMR_149,0.222791382708229,0.567807782796574,0.345016400088344,3.59976137486564e-25,8.99940343716409e-25
DMR_15,0.132229724351077,0.466821755179126,0.33459203082805,0.0000000000000000000590107137066562,0.0000000000000000000697976183627116
DMR_152,0.178144376180012,0.510266172384632,0.332121796204619,0.00000000000000000000000625554943030012,0.00000000000000000000000969169630046497
DMR_153,0.1022358486275,0.347078715367988,0.244842866740488,8.50084475332596e-26,2.9221653839558e-25
DMR_154,0.124750572580846,0.421718405485839,0.296967832904993,0.00000000000000000117984781513057,0.00000000000000000132431897616696
DMR_158,0.0977967946794541,0.375100405858248,0.277303611178794,5.05293729818944e-25,0.00000000000000000000000115796479750175
DMR_159,0.0794954601794609,0.337891507406742,0.258396047227281,0.000000000000000000141510639888807,0.000000000000000000162147608205925
DMR_16,0.131865725770508,0.507753909286381,0.375888183515873,6.9851671845714e-27,1.24155649774465e-25
DMR_160,0.109721254155747,0.382095055506943,0.272373801351196,8.5453290086399e-25,0.00000000000000000000000180766575182767
DMR_162,0.151675875489595,0.431829610266151,0.280153734776556,6.13195439450424e-27,1.24155649774465e-25
DMR_163,0.138244963123725,0.384704900974976,0.246459937851251,0.0000000000000572877782028489,0.000000000000057813354149664
DMR_164,0.140806070362361,0.42316020285967,0.282354132497309,0.0000000000000000000000269245331523875,0.0000000000000000000000374898562881345
DMR_165,0.140171708402023,0.483267769167346,0.343096060765323,1.33700130767443e-26,1.24155649774465e-25
DMR_166,0.20177931449464,0.478950126348551,0.277170811853912,0.0000000000000000000000027784998160641,0.00000000000000000000000499081904358709
DMR_167,0.143064197496353,0.444349555172032,0.301285357675679,1.79835271851694e-25,5.20575786939113e-25
DMR_168,0.133772737150124,0.379155994662448,0.245383257512324,0.0000000000000000337033977877294,0.000000000000000035308321491907
DMR_169,0.150206625783704,0.444272944572466,0.294066318788762,0.000000000000000421231499284569,0.000000000000000433041728236473
DMR_171,0.119110320041585,0.381520823017991,0.262410502976406,0.00000000000000000000465383308073351,0.00000000000000000000568801820978541
DMR_175,0.131850528796207,0.45793820745691,0.326087678660702,0.0000000000000000000000235730229664313,0.0000000000000000000000332440067475314
DMR_176,0.147357157037986,0.425608918254212,0.278251761216226,0.0000000000000000017914347525211,0.00000000000000000199048305835678
DMR_178,0.129675712516391,0.4198767646284,0.290201052112009,0.0000000000000000000753535264012719,0.0000000000000000000872514516225253
DMR_18,0.100864924149745,0.429607948313704,0.328743024163959,7.02076456024167e-26,2.75815750580923e-25
DMR_180,0.092682965805195,0.35562390273576,0.262940936930565,0.0000000000000000000000109726842722833,0.000000000000000000000016310746891232
DMR_183,0.0885026303703735,0.364981728865698,0.276479098495324,0.00000000000000000193043672006843,0.00000000000000000212348039207528
DMR_186,0.312046773711508,0.581579295141801,0.269532521430293,0.00000000000000000000000159200957001917,0.00000000000000000000000318401914003834
DMR_187,0.239270712902009,0.518920897930966,0.279650185028957,0.0000000000000000000000230096652179302,0.0000000000000000000000328709503113288
DMR_192,0.1522142111399,0.425147661065719,0.272933449925818,0.00000000000000000000000281300709729454,0.00000000000000000000000499081904358709
DMR_193,0.0894533453855432,0.328656113305498,0.239202767919955,0.000000000000000294416190806145,0.000000000000000305526235742226
DMR_195,0.157892446543003,0.403538987885454,0.24564654134245,0.00000000000000000000718328686479588,0.00000000000000000000868309401239062
DMR_196,0.262743924170676,0.537640194646113,0.274896270475437,0.000000000000000000624660281246667,0.000000000000000000708377638527148
DMR_199,0.184978103895923,0.446296858408901,0.261318754512978,3.46642925209075e-25,8.86760971465076e-25
DMR_201,0.244071729447342,0.519833313314419,0.275761583867076,0.00000000000000000000000947927847783273,0.0000000000000000000000142838442816658
DMR_202,0.172041515170548,0.416652635241596,0.244611120071049,2.30022647855395e-26,1.4056939591163e-25
DMR_205,0.247766916990478,0.504244852484135,0.256477935493657,1.50610215867219e-25,4.47760101226866e-25
DMR_209,0.268397013102271,0.541185126205114,0.272788113102843,0.00000000000000000000000533404758865158,0.00000000000000000000000850355412683586
DMR_213,0.18525685463387,0.461388921364193,0.276132066730323,0.00000000000000000000000209097148949687,0.00000000000000000000000396563558352855
DMR_215,0.257856140048506,0.522164409118943,0.264308269070437,3.73817372936905e-25,9.13775800512435e-25
DMR_218,0.201723048586541,0.427201681784999,0.225478633198459,0.00000000000000000000016023276814814,0.000000000000000000000207360052897592
DMR_219,0.103280462718058,0.320411185986292,0.217130723268234,0.00000000000000112828266760112,0.00000000000000114917679107521
DMR_22,0.156608598322526,0.464429410901971,0.307820812579445,0.000000000000000000000714633342665531,0.000000000000000000000883254693182117
DMR_221,0.290139876122747,0.547363219171249,0.257223343048502,1.19852972933188e-25,3.76680772075733e-25
DMR_223,0.273738599751443,0.525026003036436,0.251287403284993,4.34656842793353e-25,0.00000000000000000000000103939679798411
DMR_226,0.219484531184544,0.460560698918507,0.241076167733963,6.33099394685286e-25,0.00000000000000000000000136550849834081
DMR_229,0.269955373194956,0.514308581021202,0.244353207826245,0.0000000000000000000000133318463890204,0.0000000000000000000000195321564173862
DMR_23,0.207160919377604,0.542626853547674,0.33546593417007,1.07261003176309e-26,1.24155649774465e-25
DMR_230,0.278517173514756,0.520253409290183,0.241736235775427,5.57835616717078e-26,2.27266362366217e-25
DMR_231,0.177670338364016,0.406669918666421,0.228999580302405,0.0000000000000000000285418717434014,0.0000000000000000000341261509975451
DMR_25,0.0935627552616787,0.452875859827435,0.359313104565756,0.0000000000000000000000842593678988991,0.000000000000000000000111669041793722
DMR_26,0.0984230798508448,0.427199422406725,0.32877634255588,1.04213464340224e-25,3.47378214467415e-25
DMR_27,0.175091831328598,0.535455683983999,0.360363852655401,0.00000000000000000000000147775288121928,0.00000000000000000000000306703428177587
DMR_29,0.18221634572301,0.508490905515066,0.326274559792056,7.78320599101389e-28,8.56152659011528e-26
DMR_31,0.115136634969228,0.445205284496156,0.330068649526927,4.54523402723533e-26,2.08323226248286e-25
DMR_32,0.0839517272013852,0.415412508300283,0.331460781098898,0.0000000000000000000000671387618925016,0.0000000000000000000000911485143574822
DMR_35,0.138299915679037,0.438877385840576,0.300577470161539,0.0000000000000000313620507622354,0.0000000000000000331713998446721
DMR_36,0.123451561186329,0.455279265624652,0.331827704438323,1.99600619039872e-26,1.3083066660535e-25
DMR_37,0.207475260471058,0.574112982971555,0.366637722500497,2.97572887119713e-26,1.59931983174561e-25
DMR_38,0.135087421122282,0.480513755124478,0.345426334002195,0.000000000000000000000067947074339214,0.0000000000000000000000911485143574822
DMR_4,0.107855871609922,0.498856294583547,0.391000422973625,7.77517083207492e-26,2.85089597176081e-25
DMR_41,0.182605517496592,0.512370070947518,0.329764553450926,9.1788357746759e-27,1.24155649774465e-25
DMR_44,0.2125153583958,0.539090462335678,0.326575103939877,4.37381466677167e-26,2.08323226248286e-25
DMR_45,0.0789837486342374,0.400041180565431,0.321057431931194,0.00000000000000000000000310478882123383,0.00000000000000000000000542105984659874
DMR_48,0.145477542081614,0.468041256867253,0.322563714785639,2.90613096538945e-25,7.79693673641071e-25
DMR_49,0.14432286302806,0.437836197441498,0.293513334413439,0.00000000000000000000000330217520712091,0.00000000000000000000000567561363723906
DMR_50,0.168055112478752,0.477600680720947,0.309545568242195,1.77704610511428e-26,1.3083066660535e-25
DMR_53,0.164183905607491,0.480570264996878,0.316386359389386,2.68469003672166e-26,1.55429423178622e-25
DMR_57,0.151211844705535,0.473706534661998,0.322494689956463,6.63060451626553e-27,1.24155649774465e-25
DMR_61,0.120005801194222,0.417613809357752,0.29760800816353,0.00000000000044101387039965,0.00000000000044101387039965
DMR_62,0.181052053575047,0.51121292223991,0.330160868664863,0.00000000000000000000000392344768663428,0.00000000000000000000000644148127656374
DMR_64,0.116815967433479,0.431838907264633,0.315022939831155,3.09509942594568e-25,8.10621278223868e-25
DMR_65,0.198791239755891,0.484038297166231,0.28524705741034,1.09651445542072e-25,3.54754676753761e-25
DMR_68,0.12056640386996,0.437227855682382,0.316661451812422,1.92019983035993e-26,1.3083066660535e-25
DMR_69,0.179827925262186,0.461776280532251,0.281948355270065,0.00000000000000000000000209097148949687,0.00000000000000000000000396563558352855
DMR_7,0.125890184249557,0.550056641631187,0.424166457381629,2.76137068646733e-27,1.24155649774465e-25
DMR_70,0.15651086777673,0.444177124529579,0.287666256752849,0.0000000000000000045123801751915,0.00000000000000000491447345812936
DMR_74,0.23372771390047,0.523847819318809,0.290120105418339,3.05324695151435e-26,1.59931983174561e-25
DMR_78,0.165462687549351,0.443029324226005,0.277566636676653,0.00000000000000000912386361818061,0.00000000000000000974393201941618
DMR_79,0.201737492985211,0.492575292963233,0.290837799978022,0.00000000000000000000000254841267515269,0.00000000000000000000000475127786892874
DMR_80,0.121599524104848,0.426849807825027,0.305250283720179,3.84739685259853e-26,1.92369842629927e-25
DMR_81,0.171895049850307,0.47121827276613,0.299323222915823,0.00000000000000000000000602980941424057,0.00000000000000000000000947541479380661
DMR_83,0.156373750009977,0.443621861360741,0.287248111350765,4.98996559151936e-25,0.00000000000000000000000115796479750175
DMR_85,0.249015153951332,0.55324228339166,0.304227129440328,2.86973258842828e-25,7.79693673641071e-25
DMR_9,0.167072497703382,0.515687012034868,0.348614514331486,1.23702778618874e-26,1.24155649774465e-25
DMR_93,0.213853552765137,0.487197474339286,0.273343921574149,0.00000000000000000000000159200957001917,0.00000000000000000000000318401914003834
DMR_94,0.203671968991982,0.470182463897924,0.266510494905942,8.39320696688952e-26,2.9221653839558e-25
DMR_95,0.0722313564401506,0.358583355793621,0.286351999353471,0.00000000000000000000000378124698089945,0.00000000000000000000000639903335229137
DMR_96,0.184767843231664,0.486358918739471,0.301591075507807,5.37980286044171e-25,0.00000000000000000000000120771084622161
DMR_98,0.290835742731837,0.572100652791698,0.281264910059862,2.62728828404412e-25,7.41030028832957e-25
